-0.492180398107088,-0.035544748517805
0.0894427970233356,0.240347361533454
-0.176495968755338,-0.462496797269204
-0.134673442401457,0.281390957013386
-0.0663549812700263,0.0193680167041076
0.0638002625207942,-0.269763765540399
-0.393996393908188,0.11711228658052
0.120381769397412,-0.280972817777946
0.405465917908398,-0.117756342831483
-0.212188215697435,0.268088991704514
-0.248920328461934,0.0270812240121279
0.0444383810924497,0.132165003758345
0.215932339990662,-0.152278475573056
0.180636841639646,-0.433545242506665
0.342014289856444,-0.0813868273827272
-0.417261230827303,0.125820808999635
-0.316953406954603,-0.0814100820482556
0.327563482759953,-0.181348539179888
-0.240249183978513,0.337958539871597
-0.31114562367434,0.163840858076291
0.0805738626131908,0.0675355331392681
-0.196441864699755,-0.375596350012291
-0.0269116090697729,-0.284400809675465
0.297904575615383,0.193369824935537
-0.359108321250693,-0.380334660525876
0.178867400345734,0.168256857862392
0.152434292902005,-0.332004759392657
0.341424372667541,0.120570839638235
0.458155308703633,0.171101128603373
-0.271976815643893,-0.375583104158227
0.361167172995435,-0.28671194805498
0.262709389088679,-0.231136246092228
-0.171453395893622,-0.181041451112117
-0.00547847267428925,-0.131337530435193
-0.0884181522911325,0.126866288458638
0.173341300461336,0.143639661448008
-0.169386263433108,0.259440557353301
0.20723593627416,0.091771668818426
0.381683917313172,-0.190415915131678
0.173403262755002,0.429970605811595
-0.000642326391697479,-0.240726299869529
-0.306999736352018,-0.0893254228368521
-0.358272042444133,-0.265294704265699
-0.112669856806739,-0.169423339719548
0.454236376687749,-0.0501127150322543
0.0281605712517081,0.00122337263306815
0.32894596435664,0.323128492505294
-0.40510991775044,0.125451242655843
0.289091174015028,-0.228071237848593
-0.244732547894399,-0.0359167715328973
-0.136474655674511,-0.022004893204005
-0.0654998520613145,-0.259460232384571
-0.380394097741436,-0.24785772288853
-0.160607254461771,-0.262326717083168
-0.511218889861091,-0.0522076615725618
0.428856597391509,0.16648888343075
-0.377961676156319,-0.25599335321958
0.308740598640999,0.241022683589632
-0.327358112470995,0.0285602803509247
-0.232553441755265,-0.0971093275978739
-0.275755918001708,-0.150991083317853
-0.0989424910420407,-0.233605271036652
-0.342087948522194,0.0907974556863294
0.234809280162296,0.234536569591339
0.00910128681386591,-0.184518620815983
-0.0478718289090899,-0.215306565764076
0.194008465312392,0.45021183178678
-0.220749608167435,-0.0254461108258279
-0.11496299842246,-0.191970362631513
-0.105803023251194,0.400248092243571
0.107513827967625,0.302712273183749
0.146817024223067,-0.405964321952239
0.223143529897862,-0.426385277103803
0.0898515449611467,0.368418657349399
-0.285431108274645,-0.322252812573933
-0.500042625801665,-0.140727072291997
-0.344699845653678,0.00431738970628726
-0.00425463011736971,0.386774319722099
0.0754079581017427,-0.348723483649487
0.432854181412861,0.173455990564094
0.00285033140585988,0.34141006840925
-0.225041351872326,0.40382300310148
0.033324426908364,-0.431850737578774
-0.0174430777380685,-0.18889501850505
0.0456654853678272,0.484106107564151
-0.140424371743755,-0.501951674977193
0.25388117093015,-0.185621933838774
0.175203726494207,-0.00228292738616409
0.379146282930782,0.263549883610552
-0.108209230446184,0.0149612165739171
0.08878170757967,0.00873841267820452
0.247903058287411,0.24230547074229
-0.324222479613794,-0.0478137569958953
0.0197332836511036,-0.371969093268878
0.298856338003149,-0.354641041691491
-0.00506260123903945,-0.255274468477093
0.129064261193178,-0.045461519038248
-0.259216861414625,0.0364646599265839
-0.432881213740216,0.06522496341796
0.373331869539666,0.241140038940541
0.041019361829688,0.181914100458883
0.382323468534006,0.055043375799917
0.435324102199838,0.0601544788041809
0.379838095728757,-0.0500714260912373
-0.359747139324326,-0.278552000577794
0.118447977790517,-0.0702549908987334
0.11358463378848,-0.279144814756114
0.459536430016005,0.215613492072539
0.186173373208767,-0.112746036815314
0.156353960985582,-0.0537895404337577
-0.0335235047013104,0.205303164808567
0.468327290978655,0.139402358348534
0.124142946411412,0.152140635915135
-0.369375298985807,-0.270651680184556
0.0531508259976953,-0.27421392503826
0.00430767260805631,0.319326948258766
0.173325940505334,-0.491020233614245
-0.309488443601647,-0.102689459977067
0.443332520215048,0.114470870033946
-0.298602026746439,-0.160149569608223
-0.246005456810014,-0.121490916799797
0.400971620566509,0.0583262628117316
-0.185597449928863,0.157447886358106
0.117027836554,-0.435699613108368
-0.141186183385143,0.466349570460355
0.448182323320331,-0.253491274145596
-0.249552310953869,0.297150645037099
-0.103977740893685,0.409643271622988
-0.0506817121848139,-0.00319216166329872
-0.134660421966981,-0.125387885576898
-0.0444292100320918,0.230852042510894
0.243748344605149,-0.17370001304781
-0.0378441772004801,-0.129631944626505
0.102070773120758,-0.0528549559599548
-0.0127376291392927,-0.151212751507765
-0.072622778107811,-0.311433543052995
0.0475409040484747,0.484952212778996
-0.331774520151056,0.286417083058376
0.13850285491708,0.0992101158605061
0.288958802944905,-0.240547232461479
0.0358859175452692,-0.291350400641754
-0.247677434196626,-0.0214161683485609
0.170590382279217,0.356103916790443
0.142795494123998,0.325251053961642
0.0767655565943118,-0.00878601467210027
0.319604487356053,-0.0624855154732964
0.264204447045898,0.0833634581479659
-0.175783416431626,0.0989531124929046
0.30454924606617,-0.099681451668536
0.223083228184438,0.364245223739039
0.485453487568583,-0.163890804323244
0.403275087926552,-0.237408722060404
0.227315448859985,-0.477301310566003
-0.0802637638015223,0.0662772261060129
-0.391351839265257,0.320883746447503
-0.360218891401323,0.0270620697511416
0.11706127945981,-0.220922764842169
0.0539329734167221,0.0431532253907115
0.465332163475822,0.182172022149774
0.240146732065961,-0.431027985029036
-0.386398194308585,0.329281666503905
0.271250460779116,-0.189555821015128
-0.277468178919257,0.359975924632774
-0.0832692595016142,0.16955629807412
0.0310120394108945,0.30121410331585
-0.201094682406102,0.190067873079308
-0.0432634977468125,0.174035133344152
0.19387221608279,-0.273131594230412
0.0463537629836615,-0.355916589619643
0.43098398035513,0.0770853391251184
0.314149746668845,0.0573714770188687
0.395492664664612,-0.246393798069637
0.0911391252854733,-0.0837326057160135
0.235462077451542,-0.226488076965601
0.103035628184908,-0.0369211816852406
-0.0939834379254638,0.403318300482724
-0.29161852112359,0.0455400527130709
0.474458612248495,0.162541106266752
-0.493857091736876,-0.11781306860911
0.39635458810795,-0.118389274451337
0.261721336357562,0.255572375634524
-0.347637024144525,0.35006788343123
-0.0945048197482276,0.286557047378784
-0.169576803995633,0.414815356099943
0.193308140800345,-0.371445701491522
-0.0950099630265915,0.0529445460362951
0.0549108183289347,0.289378042076477
0.25519509411513,0.432135894995579
-0.0384618046786639,-0.105148653390729
0.0622724132617081,-0.1935609639672
0.471456890161675,0.126036076065694
-0.0377509998691007,0.40177342729538
0.246646319064081,0.0945683569663659
-0.440645206841762,-0.0475380609950248
-0.181189286966417,-0.289075802015038
-0.172598711498408,0.055594216496369
-0.0402603856276239,0.513602279451127
-0.00165326123718124,0.51728414426033
0.0403853664180797,-0.389129717003507
-0.170444609951766,0.242748815070419
-0.0894174896341807,0.450204717665022
-0.455490854776291,-0.127840703349664
0.0690685586278025,0.271987293408171
0.247685496082425,-0.125880410509947
0.413768980703648,-0.256333763215795
0.0485865143009798,-0.164292504633249
0.154323305036315,0.458116610776503
0.0929707809107075,-0.253760807607241
-0.288403594411074,0.229869684266302
-0.424394475050703,0.230038573111876
-0.276044613102199,-0.0923907566746713
-0.223193739862084,-0.369284645668522
-0.201610261032978,0.14144566016316
-0.506052055582624,0.131609387113199
-0.317799848594485,-0.109120211486754
-0.0362195985513628,0.316258997159526
-0.295735381109939,-0.124670886450025
-0.482239243821529,0.200980021555134
-0.335032574389601,0.0584555511581721
0.0967763744971283,-0.00102098557920238
-0.0396867275962706,-0.368064738150221
-0.255927643696091,0.235723259398205
0.526128259200468,0.0586289304203624
0.152299545730647,0.191655117964194
0.479978192521789,-0.14161701668165
-0.0326249037648432,-0.393747909600145
-0.445404895737541,0.0466486123112678
0.182645375542846,0.364117364871451
0.104224237246006,-0.463854815202387
0.251904350619074,-0.367199423557271
-0.118149428431005,-0.224738676681504
-0.371305978400527,0.141846023845306
-0.409487627446946,0.248550313733528
0.413423751062065,-0.0605150793554384
-0.0974284254863552,-0.0913152923499329
0.401424002198581,0.0288492272292603
-0.3945915751224,-0.305771704953752
-0.351657556004884,-0.153992446138887
-0.143567792891225,0.054777358656911
-0.390777619856863,0.223010990913606
-0.153712922264337,0.155905020505163
-0.0791999968868605,0.272775118396983
-0.272457963911583,-0.330249151882051
-0.0516191485107511,-0.316090826413627
-0.131898808236318,0.257756291581633
-0.399452819953733,-0.32456749549352
-0.256913166289983,0.241867718849564
-0.293231796268401,0.102864717999512
-0.345466125570598,0.0797346000203607
-0.0434782545821889,0.405914250978602
0.425219663172872,-0.0764348844509096
0.0492652469236123,-0.437740411097579
0.0942294871904399,-0.0976415427514475
0.119332614299862,-0.487232523318192
-0.479153856512099,-0.0451321878399406
0.338698784921748,0.210783104507622
0.0529414653882092,-0.317018754083729
0.146266468802975,-0.481950719295875
0.233990406523675,-0.0802372718719187
0.0167385246148071,0.435957579854762
0.272817539095844,-0.0656266889714054
-0.0471729934880505,0.0122778201659651
-0.282373300196661,-0.0639321075113423
-0.377129144085194,0.0247915337370682
-0.101977050180092,-0.471738535546155
-0.143818493006391,-0.425509465153798
0.11656698035937,-0.293195113429966
0.085506399628982,-0.179659244060787
0.261284402576895,0.298503164330727
-0.403717402112572,-0.0731519368913082
0.0144959784832288,-0.333842201448774
-0.344238329779197,0.369552193450653
0.349703365172015,-0.313800716377729
-0.0132207190670256,0.0375619704109759
0.194158428633348,0.124984698822247
0.0516557489902308,0.294631341409014
-0.282815356442837,-0.406429230541149
-0.155366145636238,-0.424402729766411
-0.126312837712822,0.506672599350082
0.120957741529284,0.080477843907324
-0.0533047362012903,-0.0574794754967515
-0.0981111683162293,0.422501414864597
-0.0886779578091962,0.190965163661218
-0.330159292923658,-0.0366327800072812
-0.347920193273088,0.0223169688530159
0.185808646935558,0.391023103762124
-0.296969575101919,-0.346621528869503
-0.130170711646832,-0.384569525136769
0.32640550806121,0.344293869127928
0.439853544848127,-0.160120722890431
-0.0459642428341701,0.154351512083805
0.120160184982328,0.453414847685844
0.143304734893036,0.107053427346591
-0.0334729616854699,0.0147392871403927
0.0474594758278141,0.2016621272967
0.0668112434718861,-0.313894985051052
-0.132312545570835,0.138707222541073
0.0160712093280185,-0.393470028198624
0.349598729248134,0.359807425024234
-0.187114923604941,-0.362106216868213
0.378608473242731,-0.193504971832706
-0.244186747806069,0.382242674807657
0.319293189040917,-0.251782055642541
0.377922507308579,0.344205639634611
-0.0488947300327371,-0.394220161362522
0.241102087634539,-0.0138085970997376
0.00734025235383118,0.445139745277762
-0.301605232136617,-0.385997444864494
-0.0615911028612785,-0.29459137090175
-0.27976633880697,-0.238078742464496
-0.383594066496635,-0.343036990612575
0.380382136620214,0.248030701995558
0.0951610954044124,-0.276834794253978
0.335237013415727,0.225700508612747
0.291346385851212,-0.21650562307691
0.316221229296689,0.00913186166981694
-0.312233353297843,-0.2205332073347
-0.221705876921288,0.397970709774533
-0.359353777853794,0.236178308583847
0.32389947612353,0.256342250396382
0.309610519579663,0.209690692337118
0.295104704570951,-0.142903651763716
0.434252764684839,0.056346613044995
0.323402885647639,-0.086960977054901
0.109107297210013,0.0244445053881566
0.114795372119194,-0.343858446713058
0.0191378082031108,-0.00336464664621461
0.366985593999679,0.0771747437060866
-0.34339098895843,-0.392522162120335
0.166687530345143,-0.304094619895298
-0.0578565883345366,0.259900255665155
0.175440556643403,-0.212640640453703
0.288908572796061,-0.153281210607342
-0.434472858239742,0.240810018688447
0.229509552382996,-0.444069435827598
0.250699854968197,-0.44122950992665
0.0734997784155177,0.367865835483487
-0.395778145167243,-0.313006125020051
-0.477562245363374,0.203924453228044
-0.219116826652016,0.262720548407605
0.0368232909968205,-0.182401604447252
0.0243699056686855,-0.39996032627459
-0.432119548285284,0.183338284953386
0.490089947698932,-0.103808270400595
-0.331870089953881,-0.117284606368682
0.408226327383159,0.1009332535744
0.135887576290538,0.48830123539084
-0.275852203594591,-0.192891206325404
-0.22662352850375,0.443092645174611
-0.346515136929017,0.323499124784456
-0.143736303929336,0.0655890845613915
-0.224284227557543,0.231800444317558
-0.181769953415405,0.187608085645596
-0.384924566666151,0.16157580515501
0.173141591792218,0.440575010510846
0.466060019896145,0.248597737636829
-0.41621395414795,-0.23127363568529
0.0785345052625409,0.447270281531112
-0.476287632612921,-0.0927963019701306
-0.199653197878292,-0.0813792250229451
0.439687391376958,-0.228262603819062
0.0794476395582806,0.324936572946774
0.231745900116275,0.425213045489886
0.223555053197038,-0.343930608329609
0.436681371876458,-0.282163140313506
0.197222856111811,0.148292417824428
-0.362950010600004,-0.222932922850381
0.0431785632211908,0.479717338750493
-0.299488707966164,0.153734855464005
0.303397898392816,-0.105726403663917
0.357003101738027,-0.357167211008802
-0.314488139164978,-0.165381616324845
-0.265922160078428,-0.163556523385955
0.102040337881289,0.0819294781419205
-0.102783939416248,0.04817299242964
0.294070801169809,-0.0313722993943407
-0.483785614319524,0.15761812218344
0.247004197390225,-0.431182760800509
0.0681053642284645,-0.0484979263804502
0.311147715983163,-0.229194459178004
0.0383503306790561,0.418062374510438
-0.28031565061443,-0.0227833276826835
0.432021273059386,0.173569196845785
-0.0681004486401898,0.375227894639196
-0.110202593138405,-0.0332786229125859
-0.053000897139147,-0.186576753956333
-0.166408898329348,0.481156100546655
-0.201688036395478,0.457404675128231
0.401230023694769,0.00760078251350216
-0.148975328773245,0.369462132365966
-0.070954232759373,0.112128811387953
-0.129765212945996,0.234694612562994
-0.194856431689023,0.476312570440251
0.370730611214442,0.292133785362458
-0.212512435670153,0.395060973269829
-0.132412238831815,0.316324754367796
-0.0732397767203007,0.368074385321705
-0.120378647449076,-0.399824677531734
0.0962234752416932,0.331091344211934
-0.0622677134470625,-0.291223616680897
0.165801651803704,1.07616015207049
0.897707186037013,1.15112768933036
0.0168350321915267,0.700820519196884
0.683575995003194,0.396163619923719
0.0278449887482511,0.934782607451985
0.660003212147049,0.58727487076891
0.634531354618937,0.89786605303092
0.51514083761816,1.07975071072624
0.36611209985676,0.98690046560828
0.295724136758563,0.434496185138122
0.672696740564569,0.36631512033582
0.377617520939013,0.412400430432611
0.279433550234631,0.561974548283256
0.735317240182248,1.08335193084756
0.728027115162281,0.7189214074496
0.549258178502101,0.715327334660326
0.967413796399373,0.807504431187155
0.116240637466477,0.656755034197821
0.239443287812174,1.11108026802867
0.645947042443562,1.36978522062636
0.320946941109172,0.781957870258546
0.479251062851134,1.30044969754864
0.576452159465041,0.786351400478659
0.45168292275408,1.34430570886185
0.587922635715186,0.750946819572189
0.561562450857966,1.38177275761904
0.371207521997888,1.1517002962179
0.181371996449181,0.710285786884478
0.173122618056704,0.813278251495769
0.692738654568054,0.83217587248727
0.10607822680963,1.18793074939337
0.893320839639208,1.06259142361439
0.512621999040474,0.989514470070916
0.523327230411694,0.742915683536002
0.0322809007181117,1.09318819602929
0.794802553612615,1.09567412311641
0.0970414002448259,0.679072752993079
0.888154767502361,1.05170417506153
0.249687841035272,1.12949644142708
0.426667397958718,1.34321947983791
0.62148651728237,0.562352533047546
0.768879938972172,1.09080188079182
0.400921296787366,0.593532342964872
0.531070378312523,1.17594054306115
0.787834857779484,0.731354558277276
0.432161556090426,1.38191159388861
0.919963901136645,1.11561863525154
0.0639049634129563,0.614201633156468
0.130545112125318,0.722013474978394
0.691906665634843,0.444281612995336
0.910302838583564,0.831301781578322
0.536970642125011,0.422010769754457
0.259825065519186,1.14227920863494
0.0381521633657059,1.04335437193619
0.566559896558658,0.586731246417189
0.91623661959931,0.82533062286289
0.611494804585745,0.669396823831617
0.206034185346746,0.726063386746934
0.602188002431408,0.704539416692711
0.441694919550046,0.490894449705202
0.157305257213243,0.953890365503625
0.414259061740795,0.656796979879279
0.452269444362377,0.764148326152615
0.915820782168064,0.781851172607146
0.755392794949613,0.619541865086248
0.228902279521893,0.511307331097409
0.613596051969864,0.988001622182712
0.819916754630754,0.985439690529272
0.911708689748882,0.886038505792296
0.461130769335026,0.596999707067707
0.773461966563978,0.966579798831826
0.98265104105168,0.864686838271473
0.610877150706461,1.09233898359928
0.900699045206585,1.16880279921577
0.965027671562715,0.654249349780495
0.878638894792654,1.20281514249841
0.850236067922441,0.797603004116245
0.54301955466832,1.30443836799782
0.258678820241863,0.481740183070215
0.432948819382611,1.05720362267813
0.554845898306459,0.524642019412334
0.360890254486878,1.32298049163303
0.708436765604273,0.512348788617287
0.78991076403149,0.774019872087572
0.721130213587724,0.68809111135044
0.554121837749199,1.39228168400727
0.677213038373223,1.27831270634907
0.349753340035628,0.796081343334234
0.475243924695666,0.687477380156468
0.611665171186322,1.15557265535185
0.378785862723167,0.55212050673301
0.379874486992236,0.404958903022809
0.42825833858995,1.06714350846263
0.506956201779865,1.09595751785408
0.289289643403935,1.08439437770165
0.940119420072803,1.08417135026065
0.111110858701883,1.0414197188792
0.368098843487396,0.868613787174914
0.392949211949054,1.35408666666667
0.0926140639449008,0.930917681385978
0.465259233453554,0.504498532728858
0.526709623967201,0.674949629139723
0.629683988641125,1.01130242445971
0.883652152308336,1.1402725989512
0.963998261597028,1.02250055537132
0.850767927941133,0.691133864050604
0.255109894540858,0.450824161909042
0.162563511078292,0.742858221035185
0.85732992536426,1.14342941671941
0.33553305807471,0.905872864687841
0.758833511113381,1.32118169300885
0.106103994327536,0.57027165004467
0.317692639663544,0.694448595014553
0.889343270732537,1.05228549283526
-0.0119975260582375,0.884511012455833
0.513033262301017,0.755826840884971
0.557977763949042,0.941074869658185
0.216057773442632,1.18212503378962
0.222111838298406,0.943734777395953
0.626597656174695,0.816977259680857
0.769677537895194,0.935847653501177
0.79453713700115,1.11427013074913
0.570871914605201,0.971702070609805
0.596755813147209,1.35537244568842
0.438114024266768,1.07005474745659
0.220008821294424,1.1528751968878
0.299294922318845,0.679725240131129
0.157514089211476,0.596798538986214
0.481984266007569,0.594946932791245
0.710293626242198,0.521355022326732
0.468611692952893,1.18942032241916
0.0862919168967004,1.17873752132529
0.452332150772137,1.26821234369659
0.338723658034214,0.798912925706913
0.109071541434653,1.02862824098659
0.539740324529843,1.10888519292224
0.455423794435606,0.44269021697846
0.395099782623283,1.25639871163489
0.617619281522661,0.855604724399758
0.44143584604763,0.756653201737371
0.484814646597013,1.24751656150754
0.741907502010501,0.911147192851913
0.638603084345391,0.621246298125395
0.59732072719588,1.25430880630388
0.496431303944868,0.408134433583866
0.132860212347836,0.64986290556498
0.148873874433862,1.11533169514745
0.682351111984089,1.18243139134361
0.0765090571914042,0.890054028761611
0.336426451384914,1.21468492712526
0.738461150991142,0.693556807313949
0.194151822909479,0.696255934092931
0.456849300302186,0.896497538390713
0.395278175306472,1.13306294233694
-0.00144475553977219,0.733153821216376
0.167882139285071,0.730326238300928
0.69634454450419,1.04870362351705
0.853018514985671,0.798596853847836
0.643885864839728,1.04104743154419
0.347118919734514,0.67367238832147
0.966316167291474,1.00016096768977
0.465929554662486,1.3252221706438
0.541137278640161,0.349355378010743
0.136580141595253,0.708771005052086
0.789514337473181,0.675438319581389
0.556686908160216,0.738955031842631
0.443943745931172,0.415130480614937
0.0764643582589641,0.692424479968507
0.279741306167898,1.30801892570465
0.505047956201278,0.95000273941224
0.799849431573304,0.906334732410086
0.966147985884427,0.905891644696687
0.407726053892179,1.35796011018474
0.605071708599449,1.33376723749076
0.776667611538351,0.453547849977203
0.272240525777108,0.561378012574927
0.40965246274018,0.867796850796393
0.86167584963989,1.16240800759696
0.588673520193142,0.886146843876592
0.28702514479201,1.06758607045865
0.635583602175101,1.15902178787149
0.622447416521949,0.54621479054548
0.528853052935544,0.721677602231031
0.044335464312092,0.59917841737212
0.319291342509225,1.09553750932579
0.294927824055362,1.22006425822218
0.523138381249259,0.458439865579068
0.117660582857569,0.764839011853435
0.107629903425731,0.577470578413233
0.73415415333786,0.552316090083781
0.331021241107982,0.968092676144192
0.619234566818837,0.405717729358674
0.157167759785602,0.519881899812319
0.877863183896813,0.950336175755647
0.183940681137519,1.05197915481441
0.565403794920614,0.713884235465909
0.427896945695959,0.626542795129398
0.506155071118223,0.614762725335741
0.494162439675014,0.570351688067912
0.533912253706724,0.516571191659681
0.491163107498437,0.513319764296274
0.723541514057846,1.13820229134323
0.478663610391216,1.22272411803272
0.857304751742712,0.940570287658042
0.800069450082721,0.84031777319755
0.794323909927956,1.28578041185262
0.633999378273786,1.13058840022834
0.172331614256892,0.806407451502795
0.279517590772368,0.798208081252152
0.690743263953391,0.604200383029848
0.894470287142947,0.904400902815043
0.937130745079932,0.829894928692531
0.365523110290268,1.07112365750398
0.772331461020676,1.29898499741185
0.147942174302842,1.21884557815399
0.107227564051247,0.85759612947802
0.859732124851076,0.949308919197631
0.262168148374903,0.720108798600893
0.536402085485726,1.33052474575634
0.270311127874591,1.0142215235957
0.16864695403822,0.876232246444549
0.597558354614047,0.589433687030351
0.484964889230182,1.31188247297356
0.354285143508111,0.403377301821534
0.612904696809899,0.520574248079229
0.639139055172593,0.714252360829854
0.702536163771334,0.394359186130061
0.31649059481785,0.985610603508438
1.01179287746848,0.817966463888094
0.568656192351357,0.384477340960033
0.964054239221493,0.817180705148481
0.692413189072245,0.7147033215086
0.819743276616314,0.946859113065789
0.69107962304039,0.953398235820605
0.453715058199929,0.529123775230573
0.227101804935528,1.1761481045708
0.816939735831863,0.553356662714035
0.491210592714101,1.23707502121496
0.633218755764169,0.563694499654794
1.00113991467352,0.905123733481094
0.854719051010747,1.20051231802689
0.558117901550927,0.790265187585312
0.279843899090826,1.18683787463474
1.01809040716358,0.874914800255537
0.172247302270534,0.909655911035186
0.233616609875053,0.751063896083076
0.188992417854572,1.16894519619509
0.471562919010144,0.837390484483124
0.731283586192729,0.471710616951499
0.625756343715366,0.931353182613904
0.211428388834261,1.27419787165351
0.514873822584946,0.779784935221393
0.791822768316564,1.0750720037713
1.0196918964339,0.964510541881436
0.367795211405055,1.10596581019495
0.382449853842215,0.374202374983548
0.329627445137728,0.863260825389786
0.300533309957853,1.04836515100369
0.826894986266389,1.05354477603437
0.956566600517457,1.01327809933514
0.577286839169162,1.38614343221492
0.988925674654641,0.765782893185021
0.696396695774457,0.766428574373452
0.230751827054302,0.7774906988602
0.362175631979386,1.17533459830142
0.444297872935879,1.22379230077863
0.183390993346865,1.25046682579122
0.105491356280753,1.0568622773756
0.269155175487815,0.783334751284408
0.662511606402658,1.31291624324607
0.796179384357249,0.42751898304531
0.159625236142261,0.537747349970579
0.0993650415227481,0.710908514176756
0.215677734220198,0.930393376904186
0.57770752846236,0.656960342751899
0.253191080402304,1.32402760312764
0.993543245285732,0.757812775848341
0.516142610754794,1.1115798730597
0.556424454586281,1.3782623704517
0.536414713790478,1.01581514014076
0.627537948288156,1.2594175546456
0.594157874544728,1.14755090572475
0.762655030147564,0.469851810019972
0.644944318091003,1.29380686021757
0.323781299633669,0.856366687084549
0.208906969379082,1.14587741526527
0.399079362726769,1.3537399183656
0.619138196352606,0.710823883699215
0.590408539999625,0.615610495409622
0.588740319152691,0.375146269865562
0.734196236805339,0.461740176966681
0.47539817356311,1.12328387599654
0.535563951132015,1.00923588371378
0.636568911778417,1.12694219289063
0.873679982713861,1.04713403163193
0.0547620595470966,0.93779266056571
0.327649630916298,0.979445474479487
0.101899881201457,0.952536617930524
0.355526601623662,0.430425323766865
0.163701112652779,0.985489437016639
0.952197711585281,1.11852539706182
-0.0244384910788286,0.816699869333729
0.556100860325055,0.718312636286756
0.688004735308733,0.737208905717348
0.43050887925994,0.900951298964482
0.421636540328434,0.487375298924061
0.388280668671886,0.735661087246647
0.343326367101352,0.545973356342901
0.70073865591141,0.560791214185823
0.103426934357227,0.579286009730805
0.865054234302015,1.19126025909078
0.263062190503005,0.66593742506051
0.373440005734162,0.779610633000455
0.80767228971111,1.02729666431249
0.516786188011686,0.899756968596833
0.10978131341271,1.01880604472599
0.401745839320536,1.06925011359624
0.706984682773013,0.655891065760805
0.852004015651772,1.1527110300067
1.01608040673357,0.984930788165795
0.357576238984054,0.495809270379414
0.782580792380744,0.52402917018511
0.224949433508136,1.29478302996431
0.747826283923541,1.26318016955666
0.253798841552102,1.23895961267926
0.109483488879258,0.654956977031984
0.0250238312838901,0.915253513494628
0.432896869354387,0.544602669478184
0.660431082149462,0.967492958131943
0.96882529464962,1.01464043811906
0.446125542620611,0.735457889980611
0.439783861055281,0.695755739220908
0.281282797912818,1.09005890178618
0.440107075583742,0.649879779505084
0.247785961509234,0.627781828579585
0.288450278487512,0.38938217496031
0.326257043373151,1.25013133318667
0.130972896518893,0.664143920976004
0.532723418082021,0.907707614017864
0.774814755442965,0.461482336446648
0.103522082139315,0.654027101051929
0.369289241222694,1.03161600307844
0.867484760232631,1.16124448096429
0.710759879379487,0.843478037565086
0.385712588894728,0.918164264545773
0.600729740103079,0.39922356989536
0.944362981926839,0.847561114458823
0.0479984593173668,0.699398944393
0.543158763807724,0.977418732547499
0.793391597831091,1.03719643512175
0.665056307628783,0.94851465794589
0.274692579491945,1.15998439344442
0.522942764626249,0.834865981239093
0.13467273123967,1.14866335797925
0.34153864569456,0.82349937663069
0.0214477087197268,0.6469274613389
0.760067170845457,1.31761573701541
0.767810266978991,0.489951467964163
0.337802426839681,1.2834008747858
0.476186583880484,1.31758562771029
0.543894006678457,0.895812108275599
0.86260011304917,0.526449885124379
0.262739294245203,0.50171244619527
0.801155259996666,0.986426823113764
0.63891632092005,1.11120652616548
0.611151800080069,1.23442868209984
0.698121250493335,0.482616245479803
0.656614729207586,0.76796746102859
0.715712982219964,0.574216823525601
0.837199070904281,1.06301698887915
0.388880080057124,1.28091127757545
0.37519864030055,0.808770876997033
0.19025519031127,1.17961858399925
0.702915765116115,0.99341224932852
0.399000404928339,0.490850112001186
0.15335783315902,0.611772320042591
0.98407389139482,0.981485408173005
0.615072325837188,0.601639553033084
0.100881898140555,1.01823815808182
0.925581273959732,0.744408370336225
0.783354844450976,1.2774427709184
0.0505234558609034,0.709797388372747
0.991835815085827,0.93040438908146
0.870528613063057,1.23891333051216
0.737308453386611,1.33871560785362
0.708487414355506,0.407269263324673
0.277460742319406,0.54504179125703
0.136823513313996,0.649904975338535
0.242926467206472,0.565354534692931
0.527587501137682,0.67616868596285
0.271762314918195,0.417104840841019
0.913425012414442,0.864252682663792
0.709108033785191,1.16104409458966
0.661637763212363,0.920704327234696
0.518441817644951,0.765285933412742
0.543052095216764,0.626096226913176
0.169248712415232,0.797977338689546
0.354836900662693,1.26991068215029
0.594919532943471,0.767213731256656
0.00280054584804351,0.794351202456271
0.908004841165155,0.408577518895076
1.0104396242562,0.340812648837409
0.685853297796295,-0.326553228114887
1.41320979549415,0.246454089575426
1.26739672611896,-0.101864657509421
1.23509003100609,-0.088153346921233
1.51578601699214,0.0413960910580281
0.919129843901811,-0.454763084437674
1.36644385132287,0.166918770312991
0.859342738735508,0.211693773397981
0.759991570298817,-0.376353517523142
0.793034796021736,-0.411369138772367
0.965831219325535,-0.126765055439611
1.20400302718472,-0.418936664541173
0.561311800515804,-0.150431215093827
0.610781171680823,-0.33246104941763
0.710359070929568,-0.253896704603133
0.876691853056745,0.398159515650232
1.48664841629959,0.138510221285388
0.765339699147147,-0.431402707391869
0.684417982004503,0.258191318630436
1.19259429230209,0.0311961408973053
1.3576931757508,-0.0357248364589363
0.811716184446947,0.0924906873175022
0.952580476595154,0.483567280885034
1.00915406588179,-0.307073072541181
1.1835370608054,-0.448904065738594
1.00605307379199,0.477169086259188
1.08221479427374,-0.0641869095422714
1.10812433582045,-0.302580773174404
1.18292088281288,-0.186710546233987
1.14219137441943,-0.153084444987895
1.2531274516157,0.357657786461882
0.859522467114755,-0.395329027197477
0.718894633068639,0.283232095689993
0.986285230521081,0.314213473904337
0.797120893210008,0.00910903283234343
1.32554984827801,0.265331908835105
1.38345582030943,0.056492897437121
0.671772685842395,0.261237665202201
0.806308266684711,0.2480125886382
1.33445166690725,-0.0896633841859696
0.943447387651886,0.0807475693664176
1.27843601367537,0.126076322588144
0.803669674762201,0.319690003806842
1.27902080281153,-0.269521268556808
1.00792185144701,-0.374159541052397
0.607480585385507,0.170293893887449
1.37179209084941,0.101543202019744
1.18795092430396,0.492851814629158
1.32376838955637,0.266120466706282
1.3163460500348,-0.239694329749954
0.907646355994167,-0.240172170895861
0.697745599911238,-0.228312485877846
1.19560727278226,-0.0691537192255237
1.0633477950024,-0.317224568924143
1.11650017355675,0.306017012621103
1.12882586234651,0.50284641449785
0.94220433646509,-0.187391283202641
0.843263886963463,-0.106213471749183
1.43579293309736,-0.107931189153482
0.973429111839934,0.417768211601111
1.19876111687583,0.169592168954845
1.29122746147496,0.327062750584968
1.38691489968524,0.184331266025656
1.05953383337435,-0.0515643472175753
0.819739339244996,-0.43679295787296
0.821471090985459,0.368833329359102
0.774515886001648,0.347705293166771
1.05807969470462,-0.190404779843548
1.29645706191518,0.400065641290577
1.07506674579548,0.0630500852128294
1.22334508690024,-0.177946027272372
1.31187123325225,-0.180285921311041
0.591451656430644,0.0524799669227737
1.1597885142597,0.119900996324941
1.26698971975701,-0.357618015597202
1.28939238038843,0.287738161518579
1.37592686733922,0.0452571492035921
1.09999483270814,-0.251077975818191
0.995491380606456,0.520906244264391
0.612639312141751,-0.179486292146127
1.2412574476971,0.31907831986583
0.894166193278831,0.33851319322882
1.20370556823907,0.440261728209337
1.15002721065703,0.17095410995535
0.669436587989129,-0.249448470209739
0.662047237859381,0.042094695609814
1.01975261361649,0.212918986601854
1.3016493287766,-0.259145031270447
1.44002960964941,-0.182753550776381
0.65715895948428,-0.287360201881921
0.617911021204795,0.0792314702756289
1.15071538784448,-0.266027252064167
1.09563304308496,-0.147672538143388
1.23275737502221,-0.174291504972126
0.976699607744703,-0.292734876195957
0.919886641137975,0.129103218210593
1.18864696267452,0.0560388310803203
1.32425281782391,-0.105980289155176
1.07838258422277,-0.242036677434326
1.11289085233326,0.437876946499447
1.07612328600431,0.514344925985935
0.489163407875615,-0.0415075136924135
1.00412667088054,0.227011151039647
0.754931942137369,0.0541710674006455
1.04047518130704,-0.0130381326362073
0.792674473284776,-0.380634493689509
0.83261540579795,0.359381057750002
1.13776569092232,-0.269211943947057
0.977224881708549,0.522699604193933
1.05586713787987,0.14703833291429
0.870839720466326,-0.259606190391624
1.06178372772525,0.270007768460886
0.572214390588884,-0.0878245581889462
0.996651905407899,0.379962911018848
1.10098186999761,0.147880028267474
0.531893541147663,-0.0158036580729551
0.606670195938485,0.18310212170996
1.2830385669268,-0.399561804385739
1.23122552586284,0.194381438838314
1.03319146538593,-0.314433134699087
1.07442490720255,0.20066272326255
0.750390876930361,-0.0698211304190438
0.887682342700562,-0.116580273562994
1.1760489865527,0.481929355410698
1.44369363452427,-0.139491846323507
1.06667607681895,0.318414978076568
0.907875130417682,-0.314539182583174
1.29268536517522,0.311993196713061
1.05474877694107,0.224102401042801
1.11276199569475,-0.268379147514998
0.920956758950636,0.518937598613161
0.724790740452981,0.0168756248292428
0.553499039139812,0.143736740501737
1.12317873684959,0.190223625620997
1.35997879022106,0.28480602880685
1.04559819997527,-0.188553115248443
0.828685121471352,-0.00225527182535057
0.862413263473404,0.170902368895343
0.96362760108162,0.416291621804712
0.745124402045434,0.191107313303184
1.03280619604239,-0.481021431779612
1.18888717469852,-0.213780307953736
0.581661909411776,-0.0344312156306385
1.19323227556409,0.296781087668569
1.34728290047993,-0.076243927191859
1.00456694704285,0.14227516839612
1.24030531522225,-0.0922611439439328
0.847695074294084,-0.189158985720962
0.960187434636484,0.173890424547313
1.15475809757808,-0.165478670577533
1.09474617047604,0.36749038292505
0.658617980728194,-0.215653524160825
1.31386102708535,-0.110547860296917
1.05396834496671,-0.514546684087582
1.38072740446923,0.0994379032273486
1.38305295994131,0.293672797211043
0.581196798106691,-0.112152052063527
1.50454539235558,0.0111192293288153
0.887077966888609,0.058582750711043
1.50396211795666,-0.055237832652652
0.571418109514033,-0.161406434374365
0.54711774329412,0.047105934237083
0.642828358863334,0.0408926112869648
0.967098877410303,-0.248766801262979
1.18501106769762,-0.397982799438021
0.736871640363626,0.0945199130249869
0.842164016009405,0.0241402908110426
0.89578041648037,0.00496449292899703
0.607364742353668,0.119747562482225
0.797181822515988,0.0309666879890663
0.944259973479293,0.46636068143879
1.234370589213,0.252155802350846
1.14747990413562,-0.49256663551635
1.15011239204864,-0.192293919437458
1.42627407859372,-0.262100166456
0.994602223523715,-0.118600193056551
0.7494439079021,-0.251096822440303
1.21149907495884,-0.469864666321553
1.30603951660761,-0.220159489228056
1.35980387902778,-0.0162876581177172
0.717487235267802,-0.296232584344271
0.670479566582593,0.371520426463139
1.36453908474801,0.0300154998840285
1.1747636111591,-0.138206647223076
0.806483776900186,0.328943349552515
0.578780696594287,-0.304471301964909
0.943207519172037,-0.120255758228529
1.29112671685238,-0.0273149994368937
1.39258103005452,0.257521656912249
1.16987908036739,0.140306826497584
0.693110377714353,-0.0689565517063376
1.45909596518413,-0.0452803084527785
0.586630319565621,0.190684801752
1.50003618050702,-0.0685000462581383
0.722236458519735,0.410666023202269
1.47993746335597,-0.114845779259545
1.27912772364597,-0.42394408436594
0.707293848905016,-0.421373850781256
0.49270625600263,0.0179439690399272
1.26466279409967,0.044214999345488
1.40486512245259,0.0650741784675212
0.74933651495883,-0.437266354811191
1.19703769399134,0.329092762019231
0.629855723115848,-0.197357555590699
0.986250125499199,0.215848885782677
1.10185031513952,-0.472387775514074
1.49943112803336,0.0788345111013933
1.07890959623851,0.0817833516768566
1.10697515336954,-0.385822672602276
0.50702897482136,-0.0913329719604815
0.759326283711816,0.201027331186474
1.28232925204167,0.176659424748681
1.03849542421405,0.424556094559072
1.17693575497661,0.0459878650652656
1.31198377583619,0.0373307349010086
0.832944782724083,-0.232368440768317
0.972929142275376,-0.520905583895286
0.920288259353126,0.231065952323339
0.905168159965229,0.110845426614598
1.09633530639559,0.50732245413512
0.864267614883592,-0.372193628492022
0.649474155804799,-0.357407737643513
1.10093386230356,0.372553470478332
0.516759601196238,0.095517670952173
0.732660076464543,-0.29840180053032
1.24215169335234,-0.335933608242282
0.583353902448884,-0.0497059900352237
0.675338177484062,-0.135723407090513
0.664786202033478,0.409975399344369
0.6962958086905,0.0453412794099147
0.645191576183503,-0.0548309998096965
1.34196464536792,-0.0291063972845851
1.4022768842859,0.165795949001625
1.05078379692477,0.0196744844882368
0.920879087864905,0.330845946277242
1.15055173514161,-0.334671019716304
1.5275660688131,-0.0123091278964963
1.00978959671003,0.280026559176691
1.18506486551692,0.238809145406143
0.705595958306687,-0.123929964871257
0.836933007632601,0.362358768787863
1.50410548827523,0.108300656392804
0.668161610475089,-0.0388708266684361
0.601617183432127,0.211962965556738
1.27391947209617,-0.0214673130988814
1.19410819412841,0.231132559699259
0.695550104321397,-0.381154551542666
0.979533954843404,0.529371555638681
0.739819811503613,0.134467821132706
1.01989313385426,-0.00546849118728698
0.648550134951208,0.174768792017152
1.21844286286763,0.379554425746654
1.06161814715263,-0.319086249931891
1.44545562611104,-0.238396013828122
0.712697940982675,0.0192386536376904
0.873823185152548,-0.435022036803808
1.24670165232145,0.193528009659892
0.931278958241737,-0.378204002122273
0.795531651931801,0.19113559020045
1.00418174831506,0.24873657268292
1.15690144757615,-0.458099149104956
0.958083502596061,0.0643859356211129
1.16556439676993,0.330952898427992
1.29294548860805,-0.215633341560193
0.661051360866808,0.362429370893211
1.16372344177702,0.114414153663514
0.976103191369234,0.118273637776911
0.870978289108565,0.388324858110161
0.979079582034544,-0.0413212873032273
0.789724742627401,0.0579777042538361
1.08051788865532,-0.377153868194924
1.23449807277343,-0.317907908538697
0.766306500902935,0.210562284125113
0.672040502771603,-0.0827545261188891
0.690149954480478,-0.382992174058255
1.33258642813228,-0.181835423798202
0.97942045168475,-0.458988722877864
0.556968839239701,-0.193493222067107
0.803452932798744,-0.171619737176114
1.16327194487949,-0.0845663417129643
1.05267442929071,-0.171704864276266
1.04450177839784,-0.264232958872561
0.860262673675982,0.370699783281021
0.554028143472876,0.269075137115723
0.865237433620734,-0.3080089590712
1.35643037665414,0.379577951121191
1.28908705447906,-0.161022928484458
1.49566701719662,-0.185398399174001
1.06795508858501,-0.295327739647049
1.09230940745668,-0.194290278864972
1.21724898952178,-0.45392521330134
0.674121755225542,-0.364138542773199
0.758703842282444,-0.336318255958905
0.493794003649728,0.12007110939255
0.757197495196774,-0.03214576026018
0.65626418016111,0.329758814579798
0.490491475899773,0.0140405942121773
1.44281043356961,0.263111243060324
1.29642460629195,-0.1426003907505
1.49094482268405,-0.153733339226515
1.39598410332417,0.248951318810371
0.917718366633823,0.0151031958113904
0.825984464744813,-0.408568276088691
1.30396104831093,-0.0261439694149678
0.622247299716794,-0.0143565965467595
1.43135520873503,-0.0640432597575271
1.16699989119007,-0.041800958616922
0.592867119920143,-0.159936800812308
1.24919778071844,-0.455908203653932
1.40379052443132,-0.185847076574597
0.961021897057417,0.230899204224208
0.924155966154248,0.0380980480447013
1.47730076623803,-0.00207652656141599
1.33655995960823,0.249870930642634
0.63769112872706,0.309122372647873
0.991989414894112,-0.172351357623819
1.27010601227098,0.218880605711186
0.939115287719209,0.340888702949094
1.3349883536865,0.335143392416386
1.00112412572387,-0.356456045656222
1.0890641794874,0.433667457142829
0.77700814489282,-0.154558578518578
0.819580515525398,0.240680472223806
1.21025741117968,-0.234507068510074
1.13257972961247,0.286391218262615
0.624111447934221,-0.197318959827498
1.44744957264623,-0.0579588694300562
0.840221214619543,0.0138449295566301
0.564638294069322,0.27961048265292
0.881696910722517,-0.373287060708281
0.878171090449638,-0.241137907147837
0.723208445546492,-0.0403925896785816
0.619289954461759,-0.131636041520656
0.949773527201588,0.028456624333106
1.05448369878959,-0.177684448220531
0.697853334959598,-0.371926363297257
1.06408442631703,-0.181642158479372
1.16289645067003,0.308889316893827
1.32955320109313,0.19390396469979
0.769518534804359,0.0218995150173178
1.05491811401153,-0.0194787904327915
0.620955735513952,-0.167626283626799
1.38681984847007,-0.268442451043195
0.66766249574483,0.0278733060188604
0.875563825188584,0.364988667261044
1.22155070343895,0.196251308010169
0.812991663907919,0.264525161664009
0.678953784560431,-0.260843271653223
0.946634173264495,0.0876200208696264
1.09932833700722,0.495022729663666
0.974615315472512,0.129126637954885
1.12424477952579,0.124633124116342
0.866492384190171,0.206246815417402
0.79295807136712,-0.128477977205846
1.27205391468864,0.00744683374888655
1.12195196021568,-0.103792429198427
0.679874560523519,0.00447823223596011
0.96832073741424,-0.382405866208798
0.965847283462002,-0.0212192047953403
1.12547663193022,0.271121986636397
0.762689188305502,0.0360098590463642
0.725427559871017,0.161231825426893
1.13664633248214,-0.360764451050309
1.27252969580151,-0.178252791692498
0.720457187992964,0.223423390589781
0.816911343098382,0.01604945093558
0.928036635882643,0.316720011821134
1.04543841822419,0.442905871667456
0.762858477637767,0.470306556184224
0.538943547537831,0.0540469618361402
1.37740271092281,0.146989780098955
1.3496766580389,0.211006066974045
0.618172814681384,0.179073196553657
0.964678349816006,0.451505630094754
1.40824656234406,0.219378594171299
1.1520066093585,-0.258064944690856
1.21576033131198,0.2497536421914
1.27961992058433,-0.111564383017936
0.536011670090764,0.212274196759208
0.889351532249613,0.355720900853376
1.43112858208628,-0.192149860546207
1.28327943548886,0.270734021906682
1.10233593150419,-0.378708497883431
1.09801085071738,-0.445570607901309
0.731937879865036,0.367798217176054
1.40737236163305,-0.137540700672893
1.31836545650875,0.329315197548859
0.659263470198814,0.205951307365043
0.87652563726094,0.244335492370748
1.03697807837842,-0.122065006486994
0.867739579112144,0.501294854656574
1.22585940751109,-0.163355424892968
0.728380339433135,0.270997401051671
1.407977782754,-0.162632589484529
0.547819236508454,0.0559611905343149
0.911690783193739,-0.292057801182294
0.976921776716521,-0.000736503910935382
1.10908850649981,-0.227049221543315
