-2.07613983540899,4.89119510901294,-4.91506894750834
-1.20810872352824,11.9818119249911,-4.38635283009291
1.83315211470547,5.06628915194558,-5.2227439750965
6.82402946020882,4.0124404406664,-0.516207536511421
0.0672545821791254,4.00036329723432,2.11538047077502
4.93115948130059,10.8540967522738,-1.54617847970531
-2.60901008399056,5.0713662760405,0.25828841358973
-1.80541451658332,10.9235446212361,-3.44757037562877
-3.09011147522431,8.49535108529755,-1.54230337097802
2.53043693590579,4.31695915718733,-5.15590562332827
-2.95604483465927,5.60891563771215,2.22122039360573
-3.00522324292174,10.5987775544995,-0.0849243930589357
5.39338640006534,0.448505569504289,0.198441881478116
5.89153834728584,9.81102540411458,-1.49571319038371
4.35016600533666,6.18144484645073,-3.65061363812427
-3.24408350423711,4.50850653335189,-2.56675957177505
5.9665890093585,12.4635288301398,0.00299254157526951
5.38322572553576,10.0823993623606,-0.572130923588891
5.99936862994087,7.48022536728088,1.94432085458488
5.42374341672613,-0.10403008296551,0.313216992909963
4.3958941282798,0.651646294773937,-2.07433306452282
-1.97625882358426,11.1395693190013,0.628960887082122
-2.6019353664468,3.00795614869208,-2.03135361410014
-1.69472556574097,2.43680582200054,0.896675828554231
1.56687055018464,9.54152713819738,-5.53361480938056
-2.60822230706287,0.282302990080884,-0.218480833648235
-1.04343859855284,5.19869799771471,1.20228002164308
5.4818240652574,8.49402277482928,-2.69283745334129
-0.983569765317305,11.0409742817242,0.421131135054822
6.33635835623404,1.4511484614313,0.789178118771179
1.59069178703439,5.80880058208862,-3.49060545744297
-0.0459436268167481,3.16433925743591,1.79196472298454
7.06897670154152,3.95682673964966,0.840055854308186
0.356895552019074,0.976248737815865,1.68626543797549
-4.07371645109119,-1.00314033640299,-3.69588872431033
-1.92993442886889,5.23300693612252,-3.58686224707473
-1.68271358421756,6.107111232369,1.59729712686153
6.16183323254756,2.16122413772918,-2.89569758958573
3.1641482029231,4.35565703835807,-4.06986666646597
1.12558140920092,10.5474054672487,-4.95241198961284
6.82967673525529,1.11350737857629,2.89442451913514
5.06354163662036,1.70711879682545,-2.26749354267777
-3.85217495341479,9.97416872104107,-1.45918052079828
-0.671852526454115,8.23571772238673,0.817197491843621
-1.93665669426057,2.83660465392336,0.372589858631518
0.863447837513621,10.5359364816531,0.430792242303182
1.35760501212247,0.833513689318516,1.2549403887873
2.45075398198777,6.23313503272387,-4.40216661565325
-1.3685855939254,1.44079315537272,2.47576483565418
-0.79764020613128,10.5514255727282,-3.08447639100276
2.61640444618475,13.2032805283859,-4.16542216638555
-3.79341953318415,1.31168983236964,-3.97004621652131
5.61044665507679,7.18128164972091,-3.16409612686528
-3.19926774491042,2.58422584747711,0.809967104850716
-0.0660448810925503,1.47428868417696,2.35460304370001
-2.10441863675412,5.57502172367707,1.43579283083753
-0.117213122468732,1.60945190674732,1.05897432726927
5.52150885038663,9.47410356944649,-3.44396929342675
2.46234993339489,9.98352208658214,-6.23990951281501
0.280981281156507,11.0691059672157,0.696014923865948
5.67645148831672,6.39610418874663,0.484563908008935
-1.90917277332136,0.932613408848785,-3.39683477098794
-4.49406630987342,7.69493701331225,-0.165526363172489
6.21278813671817,3.39195260922196,1.95802487766444
-1.89825199522971,2.32652661771366,1.47115788846379
-2.3685398686766,9.21180423474902,1.46446196104865
-1.46135111295412,9.56642975749179,-5.24704672617722
-1.84430545877902,8.7521126483641,-2.90129679226111
5.6851395808757,3.03165262838871,-0.667657165362184
-2.94838810813933,3.13482545459592,-2.90317820887116
-3.56439570004996,-0.487627050314237,-3.09422480508217
4.55929107040762,2.41339450232705,0.220536460906477
2.08371554324648,4.4798318975192,-4.07993015755171
-4.13668420827512,5.22869869641633,-2.25373543960712
-1.21296951080459,1.97524286131428,1.7874404632778
-2.60198953691658,10.8262700065991,-1.21917871929532
5.72076760207168,0.257371338265895,-0.638776127449041
-0.708060051510011,10.7530269699316,2.15443433279082
0.25521047804495,9.55459061905979,0.21685227117916
-0.692623928098047,9.85654936431713,-3.77084886462033
6.90249670937516,2.67087736670054,1.63080516620344
-2.03131031068671,0.787488693504205,-5.16905098254625
-1.73306552814075,6.05095489665748,-4.85865143547647
5.87508508236613,6.77325488635048,1.11341074311779
0.563335130926251,-0.0993319111598243,-0.183014117437946
-1.71632917589368,8.01492470754807,2.32632252229857
-1.18966881689666,2.30564592769732,-2.10523489718923
-2.95184757479521,12.9739568282172,-3.13398327199824
0.135448380770049,-0.168548042508176,2.02816437547781
-2.82086131204732,1.27310152010146,0.0973366347865189
-3.74105660557775,4.98014734403602,-3.06280025068698
4.76798126094915,12.4008323802287,-1.65425245291436
4.22187633626567,9.79641729895422,-1.46809860087948
6.65197093728265,4.37403428100777,2.00360885492504
-1.7865727249554,0.522365038239113,-2.48624863746026
6.02607273226849,3.72901330677004,-2.04494124979312
6.80138556819352,5.91340320771572,-0.603722527083664
-2.81110225018071,7.73913729973566,1.3614588995735
-0.331646199987712,6.56479070023827,0.693438356605647
-2.79703706089127,2.4619338288855,-4.44349556823385
0.756018405917858,7.53740168623574,-3.19328952036375
4.99602033337246,11.6378039144757,3.29464350788131
-4.1378603891465,5.32288584880269,-2.1012933999975
5.12377065658599,5.282063073816,-3.64591498199379
-3.71104117905878,3.1081590424366,0.284847168751806
-1.04445444889329,7.91987282044167,-2.76710879684019
1.57391143397933,4.1964957264651,-5.39286075719036
5.50521680891765,0.786335731591316,-1.575354528243
-2.90631562631232,8.43535724014741,-0.551766876310538
-0.612861806641929,7.4180596636991,1.13943856828108
1.94955101795317,12.9340103806789,-3.52581604946089
0.93965555917836,4.08350863407029,-4.81661609354507
5.37929045264546,4.31392004892407,-3.199620705625
-2.44500686871514,3.29236220791654,1.24962590145252
2.59956562030155,0.708713133725217,-3.43044827521837
-3.78492610417724,2.10408226426867,-2.630845918216
5.50184344780066,12.9197040516241,3.80343700518742
-1.65018899149328,9.13835478899172,-0.260505362625396
6.60698027517499,6.25311347445171,3.10568097224404
5.99056764795579,3.94201541079176,-2.81582787784222
6.75413786476247,8.82435562181603,2.42671038681648
-0.360750035004069,5.82380571917983,-5.88789255771705
1.81214630448227,11.8835337166779,0.996163465899102
5.44405529863748,8.26617346422241,1.62215988890276
0.535327875775512,3.26792587157068,-0.0615222278476745
6.29911965716284,8.68014916304711,-1.10571783712628
-3.82239431320369,5.63955058013985,-1.33275119475602
-2.45319153821843,6.29681747362249,-3.07174006875761
-2.19337890471088,4.31208827581173,-4.41965643447923
-2.17359215984147,0.800319621291089,-2.06131831179824
0.248640635264445,11.2017038296325,-5.4544054255214
-1.48988252813891,8.45906721150012,1.16076051072358
6.65297244129203,9.81988850292169,0.646960410289872
6.53412797923897,5.26962574233508,2.02591884108729
-4.17807938353153,11.0225686180779,-3.34476834617274
6.35158428048799,7.74509566074571,2.06853865154544
-1.65397664696673,5.04486931287674,-4.56962287718789
0.918889373438997,8.81607063067494,1.22816633810944
-1.6241622436944,1.7415334494795,-2.65406174586236
-2.49152506536287,5.06320410226471,-3.24699118335471
1.38154761932775,5.64354809366789,-4.68056644814481
5.7937508892332,12.4645396483654,-1.51111662063225
-0.376911724738303,10.7316622979205,3.30891584427151
-2.58447941570874,2.62515972938823,-0.366406208962803
-3.35838018879836,6.2782229176419,-1.48788434813037
2.12352922527361,1.22704830085488,-4.80939024370125
-2.8137532223731,5.77332522620318,1.23125606188977
0.106632161444915,4.15113981506004,2.1222048706479
0.272790351987432,1.83406272877785,1.0592475038367
-0.227038739828605,11.740170612657,1.57847727251414
4.71018703838853,4.15971613203818,-2.13901050527339
-1.65020372277202,0.845140069405165,2.33364133837572
0.123398647318208,2.94889555386358,2.41252622466819
1.86970300824848,10.2907534683005,-5.8350619400653
-2.1954363811739,10.3560815367867,1.14880899072529
-3.05066837511987,-0.328857891766516,1.31402810686356
-1.28119667740617,12.3272770685083,1.01218497543969
-2.04026127011429,8.53864240909186,1.53389850790466
-3.03508514335893,9.13927049936998,-1.84074336151444
7.45871116877685,8.70018347418635,-1.96259225607721
0.807346631595721,12.0465641795147,-4.38957832155779
0.159833284913988,6.71698085542984,2.34900917879157
7.70657648262415,9.43542357735947,-1.64809264220477
1.76689862086245,1.73926514644828,-3.63096041706198
6.08096255821984,3.9061132194255,3.42877886929838
3.67274595750478,5.29280369453348,-3.88095073521218
2.89021381073019,0.371265316097501,-3.10572980445446
0.00661045160665608,6.05648617640633,0.0681531704778889
-2.18343162248183,2.29878064020522,-4.5963109924682
0.485284611475737,9.62197589972471,-0.0327036543197091
-2.52253384344847,7.86087389357852,-2.65402681079495
6.78679590701713,2.02976288506994,1.13189253933601
2.9219956788995,8.63800387497894,-4.17161834067069
-2.79688460221478,6.60848228344859,-3.14016121972046
4.86011880378772,8.73811465214509,2.71359891425075
4.55689010002183,2.0728794164407,-4.31590483268126
1.48438223011871,10.2320956253829,-3.18946949170716
0.0281518492277402,1.28972798916833,-4.59127858398519
3.22587533119924,4.93327767977913,-4.19973882396243
-1.22093012469633,11.4363461263371,-4.13784286577015
-0.619760123255238,1.84976380149201,-4.906530196973
6.70212906502391,9.47641398951611,2.39040993289332
4.62603370898074,6.36857906357154,-1.13776373125801
5.43477967089864,7.46356035137185,1.38974019652425
4.496548446573,12.0652372810242,-4.1646340450708
5.81788625660886,2.25398505110036,0.288575870653114
-2.92725089595628,10.3799209188401,-3.35686792769998
3.10900663448157,5.87013947417754,-5.2347969372894
-0.636816073745862,8.82331412688505,-6.11072696329906
-3.42217664924125,1.62859706421841,0.857619592851981
-0.138888490249866,1.44675498461997,1.34855504689002
6.03951026288191,3.20839115638496,-1.06040543934592
6.63099426139988,4.18162519696348,2.45163777658422
-1.47718622275,10.1989902318706,-4.22666855238538
-0.186747827807383,7.16078707785983,1.16591947957614
-2.94706531928948,8.42471637184457,-0.00561065797838148
0.187055224362218,0.053969779433194,-4.22122230933398
3.45481929248802,12.3694920432379,-4.70631801083113
-2.84937906610748,7.24774218064866,-2.65827865657016
0.244356478998232,1.71182509395307,2.64978658424836
0.399991260741115,6.98598750364329,-6.21581852060988
-2.40588527221615,4.9800987961955,-0.869297142391867
6.59323377101959,5.78751984392912,2.35824328569753
-1.13939153843483,3.29398123323787,2.25105032870337
-1.76726859658276,9.8297799928276,-3.02967830908148
6.94140880256248,3.78178931463534,0.99249019537803
4.04418873145721,5.7439239879334,-3.40598318215251
5.19524569506338,11.1884847911658,-3.08788183665353
-2.04497275230664,12.1402445898878,1.1197239606126
2.88829398350407,4.24854328183501,-6.08254657597808
-1.85471769194997,12.7578345896643,1.96906292490381
-4.52095214827764,6.51499275705736,0.520136555019398
6.16256305089908,12.0567327928919,2.3547965105667
4.95267115840481,9.85454475174708,-4.11422498144322
-2.86832718421985,9.87825042418817,-1.5647038298166
3.71814032097346,1.53938495563157,-3.67234187398348
5.9544252535363,2.47666949323777,0.0709484703885302
-0.620476688570492,0.562017789086159,1.41243561103174
-3.55924117740015,5.3025733191361,1.22199995009233
-3.43451525956967,10.0005103854713,0.158528062652695
-2.2576402597088,0.947686671615388,-1.40326791631247
2.75000395910731,6.4687503594604,-5.2109346739661
-0.546013566731927,-0.336423243681029,-4.72182182927438
5.79089730621925,3.91290446918464,-3.17638649590718
5.39570929567191,5.59641155239965,-3.44211340629447
-0.0345060619535617,0.887288543045029,2.24151981090471
2.49285450377106,10.1677222397733,-4.26193984989485
4.72238739280931,0.665436431683677,2.06824957624728
-1.87400470137944,6.61886087255659,-4.55260739639086
-3.9677497711716,4.03582961184401,-2.144200230324
5.8808308301561,10.9721257977059,2.39174077634891
-1.43313129225829,1.98604206221394,1.67728840035977
-0.365308115276081,4.33411283977587,-0.332592872485882
-0.307647310888809,0.853541138141508,-5.72726077455472
-1.63274684293015,8.73743309844396,0.35438303743997
-3.14692615475077,0.0127542855931748,-2.79500163497356
-0.0285953775755956,12.7087868136221,-4.68026637459179
7.11523498059853,11.2540296457266,-0.0986911497255852
6.41157314667103,6.93743392684804,-1.17344682458013
-1.24536683241641,0.238779021283911,2.01570014397605
7.64045834913568,9.98310840124384,2.73635326622815
-4.34993264191442,12.3208842750518,-0.160738272733028
1.0322223147456,0.446035696334644,-5.69411142640355
-1.59833573924534,10.4848740963509,1.72437963848398
-3.92821769148178,2.74645372192655,-2.08077957496581
1.18800919896521,10.2367961556948,-5.25923795642754
3.54758494738976,5.65611986801976,-1.04968235931826
-1.26218865071552,2.22794654132599,1.51422340791807
-2.80956736341109,9.08011288330035,-2.79373587638207
6.34052697290565,4.0928810708338,0.685898295558453
4.80254269612936,10.4484140617876,-2.43542661995287
0.176404947559102,9.53570945176319,0.439426649234735
-2.58816330527267,7.95099580375095,-2.74278565019035
0.240599468502292,5.79071627759191,-0.551785117825495
7.19039130237275,0.58591540497849,-1.56167006690566
0.092087336679145,2.96289022769607,0.719333384842474
5.82337247358026,8.91040427633266,-2.2768680410048
1.73696408221435,2.46751880825173,-4.28728518233241
0.74937800097197,-0.773165150110158,1.39986572228121
-2.99648400627243,3.51530763846085,-4.38142059323249
7.145620015078,2.77999884358542,2.94345490731432
4.91678345249068,8.83546233732839,-0.324915982830699
2.86732873930491,0.428857753127698,-4.43561123400333
4.82721448011158,9.15720407518289,-3.14531495571179
-3.3554092465958,10.9437635823902,-3.62485536646792
2.47443410856779,6.48897284441994,-5.05645514508254
-1.34154481067283,9.70380595912333,-5.78853893393216
-1.36507042459392,10.6309865851241,-3.31098755720776
6.94690973800774,4.99208082993217,0.336623739272074
-3.31596716132198,10.1500205444886,0.185965222278697
-2.85777823784386,3.92471282895388,-2.70635865798654
6.88356677033791,1.23652180661101,-0.104416650044992
1.01137825099699,6.29181704099557,-5.54650067663939
3.95953614912615,11.897349070029,-3.84527521398145
-3.85045946894178,1.06488458673804,-1.52829786196498
6.50732277311269,4.63605106107287,0.986937441637976
5.96248827894038,2.64524489871751,0.567629798002919
4.64740782481047,2.23834869332025,-2.73734429595378
-3.8127915592318,9.93480888969538,-2.79678124493265
-1.91794506130034,4.14725079351046,0.0995575553596004
-4.64021853385543,5.27233276093563,-3.78999733790278
1.45665671688851,7.67312054482224,-4.99835454135942
-3.00648209251006,11.7728434426917,-1.93315449267574
-3.9255415392569,5.95230869682302,-0.373225748017106
5.85710303651171,10.5287079559174,2.26712760814506
5.61916049175892,2.79758434634668,2.22584671236134
0.956333116312419,11.0008717363078,-4.07281988931316
3.37796513385663,11.0057474902574,-4.22614756048348
-3.63367020188804,0.863668404701259,-1.81039869928056
-0.207964766243985,6.96792014621597,-4.29836721514191
4.52572350684133,9.01070629979961,-3.44432536891891
5.80690686907935,1.49615849153495,-3.3882594611108
-1.25393933529907,1.91165701058,1.53305011428166
5.78171506071224,1.36796459315096,-2.94266890243565
-2.49144295898012,7.74496526176705,2.30204427799975
5.58918068383466,10.6530895931668,-1.93287609368032
3.2040104827145,0.803601400340498,-3.59481514515592
3.19863258220807,6.06338640903778,-4.0532981477884
4.22245671424613,9.7703078438685,-0.138252977501087
0.880071019346613,9.01257947044995,-4.60848866584938
-2.24556395300322,1.79769664193134,-4.35022114262637
-0.409522189466056,5.75244778360459,0.997477476209258
2.00791408762635,2.77347677190186,-4.93000853050398
5.79701614946186,1.33612901869599,-2.74310708188981
-2.70325843998351,10.1092426806002,0.681009866732491
-3.54501341748743,4.40753050002326,0.294885814018591
-2.78538699969665,8.83961312313482,-2.24731053890248
-3.55077046580912,2.03191897963982,-2.46641536017251
-1.16737048206313,4.05500930342276,-5.09925479027335
-3.94515963900605,10.6141201466306,-2.13397969153974
0.980031236399581,1.876115530119,-5.20575725793926
1.73496279642012,5.10967194604552,-3.27906568564244
-2.918068672092,3.05901304966836,-0.00329090061665305
7.36446596335237,4.48150233078577,0.222240271890652
2.57346132324656,7.67258096972192,-3.8997169285488
-2.56587058958515,11.9720917305954,0.0364072954215464
0.315812815547737,7.02038291115948,0.636173558168671
4.24342803161689,6.33567226129778,-2.51835122968789
1.2491521401602,9.36363032007358,-4.41440195278741
-1.69852678300654,8.16069372124602,2.71510692749658
7.39155237757755,9.15569647426387,2.47445593172769
1.24882396477199,7.86765521794162,0.914748406006629
-2.39183417416718,1.7973281104687,-4.13949384571412
2.31230956559345,6.90469847478147,-4.59134727311738
5.18329245820933,0.891545521487606,-0.532423502444705
-2.76309607111421,2.63415900327484,1.71634443309253
-4.27782301078873,10.4917939005851,-2.35050901927867
3.89401610188996,4.30216268840294,-5.54911236843701
-1.9638269468293,12.1805710285949,-5.69751364771298
-2.98409778489675,4.50361736427658,-2.74019675504257
4.42174669398623,6.63464096328943,-4.11786774807023
-1.71055545009783,2.10364479918692,1.81754639863951
0.678356395872952,6.16041216891168,-0.421939311830723
4.44996774841079,4.67172814026619,-3.60716719509413
5.49489722610717,2.15577348840096,2.89390673122184
6.38645498581277,1.62752448242765,-1.02607148700812
-2.13870874367201,7.95975292952629,-4.18580502099173
-0.992973943827019,8.1747763512302,2.0249679351733
6.53466613141153,1.91230868694666,2.01913104291647
5.47431449821669,9.88357161737604,-1.39868529504039
6.10146140978962,1.45302406274248,-2.8186703212981
7.99916439726917,7.41425824604093,2.07446540989373
-0.656393647047478,9.17878337793629,1.26023256662065
3.57418957010927,6.37431249959494,-4.21938968734268
4.88285586912791,7.18296336252713,-0.0770383168944462
4.60190378432406,9.79502423440556,-2.31794953504655
-0.702025891927688,1.90509301322268,-5.77882512311671
6.79787269434571,8.15980909913657,-1.80142696792491
6.49165739940718,11.4232388091693,-2.55499677475058
-3.30704350318207,2.14567365365943,-1.33373255338261
6.41964299393185,8.44689546969405,1.74090418265376
0.657941372381473,1.37414189352444,1.40958881782649
-3.46745767905509,5.37259593116996,-2.2414228309621
-1.45070940724775,4.60426811468951,2.37898095771109
6.86840131464134,5.58331711862153,2.2926969780088
-0.510471246233041,3.90719079884063,0.77539285343612
-0.327195450978001,7.04157703719322,0.588971077261246
-3.83802314066475,10.6998053124789,-0.767137489360358
-3.8262031183299,9.13250785839122,0.667602634986505
6.59335021755007,11.3031321735102,0.602766772366024
2.35263149639287,2.4962107302919,-5.8984798066274
1.25356218608982,0.8310501442839,-3.82925887322233
5.41341121629429,4.03653071000452,-3.96497180012177
0.267144277224198,3.01882623600365,-5.82119431457233
0.489440905267771,12.4090844804665,-4.03667052256627
5.59052986592327,1.30476807743872,-2.9615838855463
6.36154552323406,3.65800103127246,0.525631791048437
6.53007937597634,8.17461248986351,-0.702354510023292
-2.95115012767785,4.94052282680398,1.54575823402605
6.69959913825184,2.88893890465519,2.03125490222772
-0.880500232383744,9.34431224192796,1.08782309085462
-1.84928353200685,13.0677303704724,1.07615663927006
2.36925543762875,2.43020088456458,-3.98651288966227
6.53382191350796,12.8544517050558,2.16575307252172
2.68577949669319,8.99981421394732,-5.50077210006312
1.79465911924789,0.395998221626975,-4.2338907327723
-0.494630587860545,12.5207007889741,1.66650057901556
-0.423345215395375,1.64712707923847,0.119826950299089
0.402260551420272,5.53732978459078,-5.19257560328183
6.5897082697889,2.19718609687012,1.74464664878204
5.91646450917353,4.55540406170059,-2.02686840957624
1.14545411647185,11.3411812653368,-4.81084851728863
-3.57845854824836,1.4130075430897,1.13948036337374
-3.14317865439029,6.38750346744246,0.880426223854539
3.81512993091465,10.9248177057701,-4.47973632394682
6.02822052646903,6.45428974621878,1.68743710263777
0.106773979397793,0.84696271227954,-4.54621510033656
0.0674417068299612,6.42804805917032,-3.90562088260656
7.24395031676442,5.42995385298743,-0.508352338323132
-0.838838278116788,3.64929018712852,-5.28667317275543
-3.41088500345568,12.548424009199,-3.43049053167965
5.3890949349321,10.8436185799993,-0.0298689606169992
6.49506540349153,9.38670906989354,2.25063709947884
4.82559600974936,10.2969025996151,-3.44023563570609
6.65798051419512,8.66140250498546,-0.42523670202736
-2.68092932285572,3.74431821952927,-2.11395689162734
-0.791260287455963,6.13813674028152,-3.94101299011718
3.74015907693974,4.13098767817469,-3.94389222492151
-2.37160227740342,7.29494282056466,-3.513092205961
7.13369079761283,10.0338789713892,2.55850074552757
-3.11122037206333,8.98465224417279,-0.347699009549457
-1.8378115255009,10.0474132163241,-3.5279117607679
7.0696706225865,11.1309109581592,0.561328689088635
-2.48979876530642,1.49839681552379,2.0189526879871
-1.09550346985744,5.83516027920627,-4.55709150044922
2.58137836603544,5.85516727178277,-4.65319465015696
-3.75757240854439,3.40796404458587,-1.1838719748463
5.60264291018214,10.3689008010879,-1.88047726641059
-0.9202374221161,4.03917281100981,3.53328504082642
-1.0174338076157,1.23921378448423,-5.14589817222594
5.28750562936521,3.39033582650412,-2.61761149046693
6.36119978146662,10.9683183901238,2.50346292526015
6.19250075676628,6.17663118381296,-1.46699954771934
-0.0750008545160649,6.48303756979508,0.86985464561146
2.05551124741006,7.29609632331512,-4.70377709554815
-3.29666097060992,7.63184035037338,-1.68167037375522
-0.272703058788366,0.729528495585382,1.27196147659248
5.09980857201096,10.6160501257581,-1.99074733371338
5.82821238149887,4.35236140889157,-0.784349841523891
-0.980938645968728,4.29812090358228,-4.77699451082059
7.14273899869123,8.11386755488703,1.28299558793733
-1.24657029851004,7.25402207207533,2.52995670538825
-1.7684902807033,7.37275701614439,-3.17975499264277
2.59769855975507,12.570231695435,-3.10864029347498
-2.53407344217488,4.17081532666595,-0.257970500411496
-9.47354171046183,9.09210067710686,1.26434141835697
-1.34139686371988,10.4715628392187,7.11260884111668
-6.84947112710856,1.51623378251605,5.73942264255924
-2.19845340962448,4.94555271252673,7.8766154192214
-7.84885822928341,12.6056542049831,5.27855179143796
-9.80755724358918,4.1310382344957,-0.15659713444135
-7.1823806258214,2.44123630895741,5.43116360079527
-8.60020341220825,7.88043042494586,1.07387592900034
-5.19405510853085,7.08224799415364,7.7262628521168
-0.0539738039046274,-0.610465314287171,6.74113000365001
-7.43185165712756,2.90233338471406,-6.50929269989656
-7.49052157768422,6.81461728996111,3.0111539602128
-4.79363052742688,3.55131049513995,5.56910274394084
-9.34859848769924,11.5995532657905,-1.28072027748245
-9.10701648972148,4.73514937607844,1.18131485249331
-8.98077237994593,10.9043627148447,5.84961935142287
-10.3799388571492,7.13345070202351,-0.83030683189647
-8.30618724703445,9.96934350432464,4.8777686571438
-6.55903527593978,0.0111067349287265,6.20040885991295
-8.16724212778633,7.12376643468169,-1.46759637541101
-10.0297341380433,8.17538212168304,-4.31131631295369
0.079221086292084,5.39534384339784,8.58075027400032
1.89906933367562,5.71467940413656,6.87024446070978
-1.55107675451173,9.87257442840657,7.80460158245898
1.82236239286612,5.88403861658696,7.3077385215937
-8.40806167803692,10.6650687084979,1.25770122220864
-5.50981740192851,8.14298415924871,6.67794482409609
-6.52583427292055,9.3809504463296,5.83314231201666
-7.38906566937296,5.36091177783551,4.18096588457035
-8.71197358824738,1.32781815171789,1.9000655275754
-9.35396085677985,2.4310829846552,0.521288397680401
-2.20247664308679,0.214337463927002,6.83304643226409
1.49333820625336,9.1850425606485,6.40210753571265
-8.66912428394875,11.1705789265133,-3.17022772210204
-2.12326103925102,7.72528546855947,7.84355689839636
-10.6902923658098,10.0663978219305,-0.610183700832054
-9.002943879112,6.42040595400143,-5.39324524458801
0.565822850471961,7.31850410807399,8.22794971352925
-7.44813875342654,2.87539871383187,4.84223490446272
-9.14346617958267,8.22937320008827,2.18235493643373
-9.31859928329814,3.98094083147273,-0.840327942403189
-1.74054177402186,0.231677157821302,7.28988913859169
-7.5069831036239,6.62507669365141,4.80466327000418
-3.98779183304189,6.89060381082468,6.90354661256596
-7.98995150046551,6.14673886364567,-4.64456287772095
-0.736129957227411,8.65184287049273,8.34827879429267
-8.00757564114824,9.5224435081414,2.47186859873232
-8.21713815453283,2.29007632489274,2.9295394934972
-9.68473280232061,11.0027445452516,-2.97701872831398
2.37137634639022,1.72876137699626,7.9752236866521
-9.95202511078619,9.07197265437749,2.33881178400477
0.76905470969967,11.271577388572,10.1102193078271
-9.39109575643822,8.15183829210733,0.592298509609869
-0.28750941272857,2.18936915497884,7.90912157927888
-8.4183347309023,11.3871945561885,4.02100132088764
-3.69596026615872,10.181619475199,8.84216499006456
-10.0202633361025,-1.43432989715815,0.376531091339376
2.47474660478305,5.87609465756324,7.47759668971121
-1.75719085052205,13.2195214788189,7.54908469221212
-9.58714353790428,11.2590469687216,-2.96267872475885
-8.89407388106231,8.43837774312814,2.07336026426332
-2.18816321380144,4.72179383469321,7.99908114226786
-7.7241988175163,1.68116256915634,3.30182605719865
-8.50815759421942,3.55911022430386,-3.36265581809647
2.65680209826372,3.10923327150382,6.86807302066732
-9.24157711652784,2.5985283384471,0.387486043068184
-9.9125990619425,8.6406733863204,-0.615625112305228
-8.2877244265638,8.05741181700706,-2.92657505421763
0.087320390971978,5.93382025556698,7.72078752353916
-7.53270912968502,1.94837622124879,5.52204396691623
-7.2958427846892,1.52006769806719,5.7789463191901
-8.64006334099077,6.25944094518684,3.29409676868016
1.75515308795304,2.18531039692589,6.53200808269168
-1.12427518945579,9.69000525346756,7.2505104017444
-9.5044764991506,8.05239644828509,1.90333316019068
-9.29634876780605,9.0134924040733,-3.39580381928388
-3.83716891557835,8.83762891378795,6.39524180790852
0.625666496536094,7.0723313707025,7.88076989088633
-10.0441670600934,12.9858402149047,4.81486435163675
2.46712202582628,9.20617654749782,7.6266533042371
-5.61914221279589,5.75060462373823,5.35779380053707
-0.0262360784961936,-0.0932007146691297,9.05475048551618
-6.45673360664552,5.33683482817674,7.66270120684016
-7.02309731333082,8.13791400325492,4.64989537179813
-11.0001889427394,3.55858206027631,-2.54702448932151
-2.62894629005397,8.63688293265598,8.11913660947726
-10.3125473815845,9.45964189879808,1.15931636928886
-3.18377875074318,0.831798291328857,7.55752939956498
0.0693718604704612,2.7786517663425,7.26627422953395
-8.89992365222489,6.8923828824927,1.56142223105055
-9.57934662103218,12.1905137807793,0.158501799446825
-1.03631197252194,10.3633295229344,8.5062747522559
-0.416480405493902,4.50693173350632,7.81397601751028
-7.21847819167883,6.31681312294525,3.57903106564652
-1.6661321216695,8.07805281248034,8.18432755304626
-2.77490776495741,7.68014020440283,6.62729615825845
-10.8088834479026,-0.247915577787598,-4.11457557407627
-10.631699548284,4.44490497983169,-0.546354224103527
-9.98571000300548,5.77438977191374,3.36851679672083
-1.05399860033326,1.0342700047109,8.52718517127974
-0.353422142791166,3.76443612968427,8.56901141789858
-6.00998071362904,6.52743145929001,5.25900439472185
-0.642054032533668,11.773449150372,6.89472905097982
-7.90727857234943,4.93917480152034,3.05412835655846
-10.6823798274957,10.6116519893942,0.0929894220589773
-9.06787491660986,1.97378483815715,0.474246254532268
-1.07371234311733,0.901695038792194,6.4423396738033
-9.30250347335937,9.62993191418038,2.47740469629316
-1.53669650723094,5.3501241577496,7.86783310417607
-6.6587975679448,8.00318887687473,6.8944559997013
-9.58326752814565,6.71552393325048,-1.37523615170772
-8.62916190958511,8.84669228465039,0.437249415875403
1.59368150236848,11.603782448515,7.90115627207045
-7.03297275966927,6.66858526286925,5.40578140451298
-8.04112637033843,8.61658270677359,1.44920937839643
2.68967097850495,5.56093369799943,8.45230119636683
-5.63601672492122,3.32877759919593,6.86509043231233
-3.31900559121831,11.5225235792541,8.09971775716792
-3.1715688098276,2.32995570345458,8.38198985154803
-7.7864688063722,8.36708699613921,5.07384410087101
3.62944856485427,-0.125724582410292,8.04208272139374
-10.1276290394761,7.85179298803193,-2.90722249718684
-3.019292198232,2.03197402470504,6.56124813475629
-7.82718369433559,3.13791568538996,-3.90494223338523
-9.21947154353566,3.86503551967675,2.55614982785499
-9.88718404680929,13.6332506120868,5.76853574849449
-8.6063456766751,2.06801381599922,-4.04021636261048
-8.47133121302714,11.3130193232409,-7.1352289425463
-6.92941674920039,10.2674697179583,5.24065118155071
-8.88166050387482,3.76765452777614,-2.67527689173279
-7.80145462051852,7.90914720234187,1.05354346480691
-4.65617001861443,11.7146852265482,7.23494223972648
-4.97664209782316,10.9799780305503,8.06197512470886
-10.7845243519981,8.4131640342683,3.13650010328873
-9.72628849951762,4.18828556854213,-0.68815159008894
-4.14424835194752,11.2339737014886,9.24721160608171
-4.73284202271596,4.25783865076322,7.48070557985904
-7.48405859232938,9.34529143796193,4.97395282489726
-2.06548243893717,0.470146075747131,7.49082403436869
-6.98816237754302,4.3852428560381,4.22789752279322
-9.55194530951422,11.2209521941139,0.981525853258768
0.636153540381391,9.46748017585407,7.13482403573737
1.89014409476781,1.70745380406753,8.2166801707349
-5.08093491696059,0.681619902400252,6.87180528755242
-9.18802990173657,1.0253781300071,0.327500930762073
-2.27526427639301,2.56212796780208,8.57457870965531
-8.43459428054436,4.54843113674218,-0.531844285025994
-0.055089541920059,2.50601112605686,7.56673583542186
-8.3342224243568,4.03999783604536,-4.32709893089525
-6.44414768857257,7.90721459454347,3.91277641071065
-8.37436669281104,11.1728913510145,4.79033993386416
-9.06440460159218,2.51891589904927,0.578040878634204
-6.04915970226294,2.89644870555576,5.12687015354498
-8.53788189542986,1.86558859123325,-3.73906752869771
-7.71689056408691,12.156656439312,6.16593632690979
-8.34188267985273,8.56088864213418,-5.7908362078012
-9.20968472155183,4.51133357242344,0.460515613474054
-8.941228198035,6.37988773513585,-1.63014310012454
-8.31013261529548,7.85024801460439,-3.69805831438439
-4.38649166432251,1.2851578732933,5.74508038799533
-8.74789545652409,8.78000593270581,3.47194643799455
0.629140271544516,2.79363487038628,8.1924776029606
-6.39819269674187,9.2614160340687,4.15904082988875
-8.01131551341339,-0.0487977497835069,3.25211596207978
-9.181980046493,10.6910928167881,-2.7955161348013
-8.0889580897232,8.4586147199777,-5.81121882254677
-7.01469374622788,0.905510281282115,3.85665931496293
-9.7933827927209,2.29027656455026,3.59464507521694
-9.53621383421031,6.29895925284128,0.415722696412614
-7.48091594816773,10.9929027608177,-6.62654794598204
-9.03730661676103,9.43224615011626,-1.10342858400385
-9.14579632110556,12.651032797482,-2.80225588908755
-1.21465344217568,2.65438271975442,7.3238630561505
-10.483703488187,3.51952601687422,-2.0693500037169
-4.52550503213377,3.79682260076267,8.3887544257829
1.217296071915,11.9621849921877,7.98172353478996
-10.5169505760215,6.53383097544457,-0.387897167485775
-4.16056380292236,12.1801519229542,7.17032521254795
-0.784373662144592,5.75920962326449,6.14544887464724
-8.51844323567509,6.70479651661578,-3.29080010566
-10.3852697405031,10.9754808085608,-3.04982343342611
-5.29439602802215,7.38622173925507,7.15174598876227
-9.87571507649443,1.37757335350355,1.05480782163868
-7.30880520331401,-1.34427284565091,5.46799652338275
-9.05290651214544,4.7780730280285,1.13526712182784
-8.16772850544094,4.76190521600623,5.86175637107865
-4.37780298041906,3.66808691123701,6.36532035928341
-8.16426496723719,10.0752398100375,-5.33583421222082
-7.53796179686448,10.2268356115524,4.50750352326865
-7.67386299635423,5.22559044199487,3.43721748508313
-4.07569821326638,11.6231257711731,4.54983142068942
-9.20669123135302,7.80671724402946,-1.69397383419711
-0.242253384058847,6.23323566624659,7.87286783787381
-5.74198533926183,7.90442610515953,6.76619376726806
-9.46260375687661,4.98503399538979,-2.63669461863243
-6.51456398376087,9.34804616691347,6.5591102469348
-7.65854871025186,0.0142092338001147,0.89282773453634
-2.79087088124956,7.12141180236277,7.35147102298368
-2.15449861937064,2.30803060651803,8.81324363871394
-7.61792837237708,4.16909050048656,1.7736589589525
-10.8116852179246,7.31506563500095,2.55291742398075
-0.256958178475427,9.52293683009449,7.30088148901216
1.37329001958453,3.79333198880425,6.51530407607077
3.29560872129073,6.21789750586691,6.45934221987471
-9.22014175328029,12.6517009401369,-2.20835899961504
-9.43719547113955,10.8380301435569,-3.20649301095397
-9.88185734939867,2.0695233597091,-1.54037736002579
-9.42846813410279,6.60807663142623,-4.82126363911895
-5.25315729043007,4.19976349066813,7.53058749614323
-8.49048748727682,11.5251207132559,-3.15885805154271
-9.53368775925014,1.13177832477292,-3.67337703776676
1.9561464287772,-0.515104143325871,7.81175302547357
-3.26446732798707,5.45445138557908,8.20569111346017
-8.31760771084674,1.96487979037426,-4.90917327495077
-7.72774070885145,0.443541551105142,4.53978815702321
-10.7064894521524,3.16190427578527,3.67292256462698
-8.26813756262715,12.5342406993871,2.9336577484546
-4.83018675325694,6.63853115095192,8.2802123152681
0.98330066015892,8.76815840283211,7.29263398136542
-8.95895070459645,9.44882078266009,0.312388426636743
2.53907993609203,1.3622989359565,6.54868886924121
-8.83354367395686,0.312577394126472,-3.23929982691377
-8.62455976433585,6.92710087586525,-1.9681217177964
-0.231689180349238,2.26908162240308,7.79508185842432
-1.29155594491245,7.21743425921236,8.11107660180763
-3.2845240547162,9.15803063179996,8.61983843170415
-3.9470643001379,7.86333601052803,6.87187304104407
-7.36654690509965,6.58550264671665,5.04714881806917
-2.09439708377908,3.08576736714998,7.60988451977488
-9.92871790873487,9.57566012964991,-1.47030980912112
-9.82057664737981,2.04742953884293,1.9055724352437
-9.57026675885623,10.3736623449393,1.84583000617115
-1.56346796018625,3.97782341080052,8.00776111718224
0.968660413885588,3.3261177241519,8.22248705444949
-3.94200701037843,8.92625734300221,6.5974518890245
-0.605148376362454,7.48016607766715,7.68806206190217
-9.45839903192159,5.16070405820318,-2.15266825559102
-7.6944286014131,5.95915467516681,3.54140444722447
-4.17738703964867,0.50079713014844,6.16379910430979
-8.32066796649008,3.37074655346961,-0.668607139770148
-6.92811306659586,7.9616279247933,6.60064021064756
-5.3404795476389,-0.439342536337598,8.43106098627117
-0.910937900993882,4.76598974342215,8.09355561096004
-9.42179446591125,11.9078929265481,-3.18129545152224
-6.93555385777593,8.04934127654663,4.68246220432027
-2.39001051366296,3.14024058527167,7.11044358669313
-6.61481958260077,6.22028454457713,4.20018826748455
-5.15717345888029,10.6520335663258,6.19184217394733
-7.54009509828891,11.1065984421937,-5.59567890268593
1.14015416490254,12.7681019777776,7.67069225346436
-5.41919838476182,10.2165546321214,5.88869734050312
-8.93957669698548,6.08124761413976,-1.39803844482213
-1.8343896426409,4.21723377639581,8.07820841642373
2.94943103728937,11.5670782280215,7.84571769257292
-8.88784736159791,10.708525666856,1.52298830709064
-1.61205025479784,5.7706570781749,7.96869613661824
-4.85636955375961,3.89166050453117,7.21158605799173
-10.1686793470352,9.47395268707425,-1.92705699283839
-9.45850927099544,1.12247432010002,-1.23832111513881
-4.53016292118186,11.61281336753,5.77344928355413
-7.13319857344935,7.45531199384095,5.158505559547
-8.2574564631592,1.55301238346641,-3.63028071055599
-10.5143383299151,5.96207089622228,1.7193987865158
-8.39456732729081,6.86461904088854,-7.04119342624214
-4.73577987264025,5.5250284017789,8.22495459156097
-5.98148565138758,7.1811932711098,6.09219550702551
-7.08666004268301,1.06459927705633,4.38349682903093
-2.70565028242423,5.04634711523342,6.8038913768293
-7.71928922157795,11.752740702919,1.49507098201354
2.29863757844437,-0.430602136073983,6.83604900917732
-3.21014974474643,4.52620777358156,7.19994268674204
-7.81366467475169,5.8130409563612,2.48317571281293
-8.24232949810454,11.2183914231472,2.27678393536698
-6.62792704521205,8.52462395579057,3.52540249315736
-8.02765733077185,6.32746292234716,-4.97322214774721
1.5251482724868,3.3697286864254,8.9771493971189
-9.99846672671745,4.79690164701468,0.879534554901755
-9.03863678308478,2.31137440961075,0.514206578537219
-9.79110488879267,9.58441183807362,1.25267181642814
-6.84689874443279,12.3957360845784,3.4230530436829
0.988324182673858,10.8331996599011,8.27802683835592
-8.44777026150036,4.26863330806012,3.53499250207401
-9.8772917228749,5.53667638245849,0.303969951365144
-1.69094289860175,8.9161517979668,7.57320318837536
-8.29072441131143,1.44914248049958,3.33085964995255
-2.83015627822757,1.78316970054646,8.21213729507662
-9.50930598908139,7.80044803847113,-2.32025118590545
-9.85288758093616,12.6225266682195,0.639718485071383
-9.18533655186292,9.56118051490679,3.26506743315745
-6.98176063016136,8.14002635626686,3.46191066826634
-8.86332610023493,2.01161969247453,-5.57939128735785
-1.73865108512039,9.28068227063725,8.46843530267116
-10.1426058755571,12.1688032878526,-3.30088573592563
-6.9525576052256,7.6381697200565,3.2890092317029
-7.76713605406083,2.99425414373883,3.90323936132755
0.776994964254534,2.10593143652916,7.75852486068522
-7.50045349854279,10.0867549153238,6.16559255399817
-1.56703382552192,5.29502178595512,8.55744116470104
-6.26822083195418,1.60451060617183,5.3027511411432
-8.75736965329091,9.73265468884459,3.62829506988562
-9.05722531964612,2.52745415624947,1.46118359018421
-8.5734571601397,11.0181467609095,-4.39216718063904
-7.62977221295429,10.7954948774212,4.30359768514262
-1.41266836854949,9.61116341250529,8.53390801332596
-7.58439238576189,10.4117807705388,6.28340546006681
-3.73736976549966,2.56006060858528,6.9505213029747
-5.38693683128812,2.02676944789186,6.32482770532311
-1.35636268781841,7.42742498846943,7.48619052207314
-9.24718760020939,3.74930078672157,3.4013543559783
-0.815590949879865,7.35209778331301,7.40870727034515
-8.25685971033326,9.95096573286667,-5.89210326316174
-8.14094981542804,-0.452754963919571,2.6034307921194
-10.167663790065,5.95680112603654,1.11122708610671
-6.12991284713191,7.14133529485609,5.36786106864738
-9.58431403251513,10.3982626476032,1.74005103833608
-9.92425167433266,0.81102685812654,-4.21814839044219
-8.64546669848639,5.74228761484366,-1.59806272591123
-8.11403293990762,10.1809968052429,6.03115965700032
1.408999012097,9.85321700451233,7.59753361971213
-8.79767753427532,8.5802230288374,2.92278568386689
-7.79638247403701,7.18760964455659,4.00313972144269
-8.96555893856824,-0.196053643821241,3.03553015702271
-2.14196728862668,-0.664428483631566,7.69993920419435
-1.4097228403862,7.06034637931476,5.89249308724259
-8.37734020672085,3.58072946755852,-4.7245401450871
-6.25413286080369,3.68614030520787,6.740350499225
0.593058998086525,2.42150819351859,8.42224117759181
-8.32323463120841,7.79144223702167,2.19092351130104
-7.79379609244211,3.35161226692659,2.94400099633971
-10.2244299345147,7.54546388326436,3.71240039345834
-7.16892379093705,9.50925766248963,-5.40992244326304
0.66737120482316,4.72439419592445,7.08657429793381
-0.339392419926178,6.11621101774887,8.0414969358026
-7.92313639962333,9.85638979047298,6.04434440132665
-7.7934408308512,10.1906518532479,2.46593728451399
-8.11050052965132,7.98020341733519,3.21208374685965
-8.85763617596467,9.11584579199664,2.63914681063802
-9.40621420934438,13.0023406834736,-4.89094561920478
-6.58193469333257,3.22577903305957,5.45797114897021
-5.89547697213874,-0.558376446090506,7.70430218947892
-6.37088025325848,6.07320295950377,6.68869169252022
-4.58102102249542,0.989055648732537,8.14287873792379
-0.459243981691362,4.11428893177815,8.97245970348954
1.00793794012725,6.80991402350332,8.04548322554625
-10.3340721511354,11.7231073210258,-1.08351644965396
-2.18760623211522,2.42286197080021,5.97471103474052
-7.30499134672231,-0.456559742580991,2.24032176824085
-9.18050265400552,5.66047289044755,2.00456263934167
1.88625709174132,10.2577327874833,7.72052761344926
2.35584715956964,2.98997999844106,7.92137645559476
-10.0519391358074,6.47553479947712,-1.12172283563457
-6.37012202572092,2.68182303438682,5.35473010040315
-8.23847409542253,9.77646176400186,-1.86796438454133
2.12378850306644,11.3352565465073,7.21364464281807
-1.25437895978885,0.906061112474414,6.89378261141031
-7.58427012567156,12.4526289273133,5.37115973182007
-8.97070518916924,0.73373383946476,0.336757639553582
-9.00343374356594,7.41504364190776,-4.76994884672551
0.535493065948009,3.30017843405445,8.96591000728439
-9.70604227556236,9.0841589491874,0.383449061953224
-6.52824985746535,12.2511580087336,5.54121478335082
-8.50927034784409,2.25272497066502,-5.45276594134198
-6.58779202474886,10.5451035520092,6.33848691413351
1.3882178811496,3.52619815051094,7.3035770601817
-9.29975184213593,6.60487236375536,-6.29132044043842
2.14508341219346,10.6871731948265,6.85142520525306
-8.57119113556209,1.37510746844587,1.96076412020394
-9.90263043707261,1.48915603260945,-3.58117728115729
-7.26728053063897,6.03565608784437,5.02315080045331
-4.05722145533325,8.1853911601995,7.85263222571944
-0.659411527633759,12.1540842898009,8.02915817153684
-1.03561993858494,6.96250687976035,7.94705364482148
-7.80047355443851,8.71721978802125,4.51997465375299
-6.38094232897317,8.07579881260912,5.76116892820914
-9.8394985924449,1.40294188568386,-4.73409760975092
-2.67581882269591,-2.01814599289242,8.80614513154778
-2.28659121049729,13.113476281537,8.12898233492911
-8.40474011662042,0.783067006618444,2.88227706133671
-6.94243689171657,10.6359651709872,-4.96294220470482
-8.7678109813092,13.2446892399733,-4.86676791929131
-9.59167909905781,6.50103196398067,-3.49447557859739
-5.07526295148027,8.83818388354588,6.96488669224903
-8.91661809866968,2.32106842893926,2.26137915831898
-8.25373705572859,6.96745400839725,-2.79266037585166
-5.05827760594483,9.60979731854939,7.7664472413739
-9.47458481141028,10.5744125649282,2.44466073551707
-8.95229614876955,2.86758895741989,-0.0458160214440736
-9.86302659993894,9.39808145148961,-2.34756504696575
-9.38461471842758,9.90101575756248,-2.37768551739356
-8.51040726191076,3.9497133804876,-4.79767096866189
-7.96803984977767,10.3433694537182,4.55131797746872
-4.28443236728932,1.50977252002566,6.90736658719022
-5.63037065606838,12.5367305282448,5.06067064178365
2.00712485533146,3.89356024508688,9.02827785909973
-9.13044280225824,9.7471809169296,-0.861861009023967
-0.516194134351505,4.41735431838335,6.78774461281816
-9.20130260235839,9.31203332925021,-2.77817110138475
-3.4355184189431,6.68366344925928,7.25309255647601
-6.80908540952038,10.2402417175123,7.56472114209344
0.428706470944695,9.60310108590803,8.8467191419256
-6.75841630176466,2.90293735271443,4.77618198430007
-8.47476002211113,7.14803903345683,2.59630682674336
1.85256705918684,6.58154203281659,6.68118747497434
-8.51269051070523,12.8697824840435,2.76833720542336
-2.79691263787567,9.01818351826746,8.4293080181153
-11.0150812302302,10.676843236791,-0.55397586815498
0.698154365540998,5.77037035576504,7.63266388480282
-9.72649790100289,8.63323440793762,-0.63776982496316
-0.369870771275355,7.42214901900974,6.35799937795424
-8.43886130864622,9.40729840802877,-6.57693874553719
-9.92970034369273,11.7070603480151,-1.23105092034882
-10.3714520164849,6.2641442299487,2.77674011305719
0.843366936335165,4.76305408565959,7.90220176355242
-4.0859511995294,7.05694376507004,7.74472990282214
-3.61861760140523,2.18250807608633,8.60410703219182
-4.52313253209167,9.58351325798967,8.53391605998389
-8.18237339860544,6.62222931419715,2.37210740142834
-2.4150994289368,2.14187475131221,8.47410461664585
-8.60624943767316,1.32104191255174,2.37919989844489
-4.82689199869922,11.0443999145554,6.83831823095029
-5.54877877126399,5.2554148579398,5.10897696736301
-10.1544721204151,4.02296325954539,-0.210341632476489
-8.62154274428138,7.2819964711075,-6.78709388695995
-8.59362194058419,7.62976541994402,-1.00685294727076
-4.59260790238788,5.71784546329973,6.44922450795016
9.12479486244765,4.51972824571559,-8.88710822177563
4.91322329586384,12.5941493559099,-10.0180522092801
11.7394284681847,6.59695370037578,-3.6809227839388
-2.08984142218055,2.87259149839953,-11.1963298177776
0.557410748931232,7.76123781126883,-11.8649357067797
1.15801890142692,8.73045620466615,-11.8516608962083
7.20572233513719,4.36024884389117,-9.22196375979406
7.09777506980608,8.91142334435202,-8.20924907262677
-2.59435367053136,7.368148673239,-10.1148531821762
6.85923570100137,12.0611799595976,-10.2003588811716
12.1886110861706,0.562387924799962,-1.6635773117684
5.84652930757609,3.0681952485973,-10.6551279546983
2.07846336013262,1.26181835508604,-11.1505127443251
12.5452921962286,3.56696847751499,-4.54973834818463
-3.31339026846926,1.53401486682317,-9.8237983781451
7.11626779035901,7.85154516820057,-8.23512540581472
-2.5788965534529,11.6818334165698,-10.2057964226102
-1.52786098824727,1.15334453610466,-9.93344365351145
12.0340902536956,7.34353476683228,-2.01483498668283
8.87716086160535,5.42255471540219,-7.70544052948852
6.07500975781828,9.13504585366827,-9.89398688050518
7.23377124708466,2.3474663061574,-8.3589411793839
8.21735449835474,9.5269234184049,-8.20025826043384
10.1628540458344,2.3365926632392,-3.02832543110584
3.14521709574789,6.2198627158377,-9.90155684934557
9.51201216409513,6.38557749682185,-6.62123390333361
13.1392048944036,1.00350334079933,-0.719885526651224
10.8850691658426,9.41202720383964,-4.27857958219019
12.5803083052684,9.6813521525548,-1.30481717487857
12.3229957288413,7.04461488727263,-3.45888433863648
2.28327134976498,7.3106636766595,-11.1178625953129
0.796462735548698,5.17834189376346,-11.0544873234909
4.66071754956374,2.14062001521248,-10.7810730774527
8.96901198494998,4.5199222850818,-9.92394479480444
-0.594153858191777,4.35739247537832,-11.0110780445549
12.3871758801145,8.12204315433413,-2.28741051411139
10.8618533864418,2.58975610798575,-5.3455157768569
12.8307828442334,0.0187479158595276,-1.00437132803363
11.2948196151113,10.4648692233742,-2.58479511627323
-3.54636215379085,3.9982071373043,-9.33744320280054
7.61447262061303,1.99239116343777,-9.63540748679141
12.8572467170936,8.62830606437838,-0.926949357388254
9.68555714797686,1.88828352987454,-7.33826947229116
8.27489051850284,2.99854420854382,-7.60642799600298
1.80302554337236,8.77017122599924,-11.8922520428896
11.9150985733258,11.1530787241928,-4.72835713215187
-1.42061210957074,5.38118570560381,-10.4681450211703
2.3094648996342,10.7247091070342,-12.2518216793556
-6.37908117150061,2.51936311387318,-9.90316880122676
-1.4547899531305,2.69364238311774,-10.9220174559105
10.1462981021044,8.60418389898243,-4.57687821191684
13.7076073907577,4.22141230026435,-2.41282591266795
-3.86649426500443,12.4566634015313,-11.3800200091172
8.28203931469852,8.81717981863618,-6.59531217403191
10.6862431671632,9.07692568422126,-6.72958188916966
11.1630918913616,4.93011295873964,-5.68718841452653
4.4959389931891,4.79542897736857,-10.4065896750825
5.49811790740428,7.74208079269015,-8.90755592300489
11.1403042397609,10.6465311395463,-3.00361719562565
12.0183641553994,1.45578418536576,-0.429793709881968
4.41663579163969,1.34990210651524,-10.3981069963226
13.7300111216419,5.63620714260166,-0.0416793506565329
10.6487100456707,9.96104747095979,-4.89702438047731
10.5071828603901,3.27451073230772,-5.91224764033912
10.8363607166031,11.1398064391693,-4.12230482706154
-0.611697945331528,2.63728569599866,-9.51728473144257
-1.11175330580468,9.70559484171188,-10.6671676416686
-1.7143053160539,2.19828072461093,-10.8174320835606
7.5558713930114,-0.288959554380324,-7.94897808111141
4.36037451920174,6.13397737647664,-9.76052527334455
0.340545455476754,3.21078130466611,-11.7287355917162
-3.15288166486086,4.70421130410243,-9.0305199479422
0.051293356851233,12.0301230456195,-11.3000042326194
6.81830069260445,8.21228405538277,-8.23535233156138
11.2960098064846,-1.12511099151624,-6.95079898509245
10.1804844452821,12.2298472551871,-4.16566075424651
10.1334692855298,9.70614056330443,-6.69929914018229
8.82709103485881,8.1019090022449,-6.77221820168271
-1.71305450546271,2.41214266439,-10.9394507324679
5.20771888353317,0.623252289612082,-12.088745940131
1.85080950391543,10.6006146689341,-10.1140710051499
-4.68947040845196,0.865265587336827,-9.29174971694761
-3.14718690829363,5.10997600358207,-9.3786303328307
10.6827084502092,1.1830531147429,-9.00889700026026
5.70470114458699,9.9768328574291,-9.93880438725591
9.50472622173013,0.188331901234867,-7.55982330955776
1.65185104403139,2.47100875653127,-11.4322056476405
-0.420167336682388,5.22065308514777,-12.7560776567094
7.85826100180558,4.44827321522869,-9.25203778548049
12.2459664463031,3.29882764548809,-1.81830070319623
10.9189271932893,0.570603494579167,-7.56735278550371
5.25629715174188,4.13748182515909,-9.91712007670863
7.7625538368696,7.82667426050011,-8.66508905958914
5.63424042502133,11.5322709554188,-9.93294070618571
11.8601770241739,6.54325324732051,-3.34473724179499
12.5712956683387,5.31287713208067,-3.85208084454388
3.46479376007435,11.7027292692912,-10.0726907107292
0.449656220824056,5.26166440379222,-11.214814039883
3.50891835556984,3.79660320743305,-11.0563628563908
13.8003895698561,12.0803127323795,-2.7617561399312
12.3988955631039,8.99816256037397,-4.25694084394338
11.273332641943,5.84515446431418,-3.84833088315136
2.85373973935056,4.69248916547059,-10.7032221331591
12.2494703334038,3.43210540878213,-0.427845491769959
-1.58818594382531,3.09571178754764,-10.5262577681732
-2.81927140893079,7.07855545012906,-9.9807689649052
5.89656342942331,12.4252344222556,-10.9096076572618
-0.301075395587353,1.07343945861932,-11.5482407571977
9.63376083431739,7.76956647296031,-7.29138150077376
11.3418172305112,12.2783483014807,0.249703176709279
1.54816392070783,2.14446226872865,-10.7053208073496
8.8261032757754,11.8117504050512,-7.65223142213264
6.31699966039312,5.07757321086983,-8.6973030812399
11.0127535770876,5.12224051293181,-6.32291160637015
9.0324043349417,10.2901326282882,-8.15226247102507
9.0342478112297,6.59204790935749,-6.85221018360026
10.6351941592535,5.63650572234707,-4.45959711695334
2.73863971759764,1.09927818716289,-11.4107855968763
4.09338421708312,0.739805919161384,-10.9842656749073
-0.365405930189386,5.64189651093347,-10.714365442363
10.2699684880737,12.8432588993108,-4.95387298167255
-0.801295728542071,7.3965002519072,-10.5849186369354
8.70643922729151,3.53456517602506,-8.84328214193839
-4.04230747784673,6.65655407655387,-10.3521470887065
4.90461778406943,3.11978919018885,-10.3727516025245
-3.0394784358936,3.28013255889306,-9.78307109204262
-2.82669806346621,7.47745367921228,-12.4772592447738
12.9538793961398,6.53991765130772,-1.74399830286172
12.283800126071,8.12672943679301,-0.702254578782632
6.71707246159146,4.55059330930442,-8.2742238195047
8.61825162824586,6.62154811554941,-7.44194721331581
12.912315828744,6.17154618906249,-1.10223920491316
10.2225638148116,-0.644021722299487,-5.24353125753874
-0.290906440003842,10.2805969946643,-12.2000192682021
0.773008918263279,0.189975153071302,-10.2495189336348
4.04180706923079,4.96959584174743,-10.6783682170273
12.6753210508629,6.80372476767259,-4.78600680918058
13.7303617767392,1.64561923815485,-2.30395645325386
-3.5822956617197,3.20330180851536,-9.51148547509486
-0.547742056773925,2.49576678923062,-11.6338088623074
2.97537960825535,5.19570991143137,-11.2991347562133
8.61688618910885,10.2183813262996,-8.4542897815121
10.7353875669909,-0.12200632250618,-5.74741542027887
12.2743554232173,2.53667303910191,-2.70207534767135
4.75963723946552,6.42801905886209,-13.3215676462667
6.30845310589789,10.8403706917483,-7.34739576871288
6.03692445768195,4.1284714465962,-9.27124934104454
-3.54745825631578,7.40387019688705,-10.364075278074
3.202804061739,0.835863452340835,-11.7949211545351
13.1420383283161,3.64414931779377,-2.03731616493622
0.315489444237208,2.28419903577758,-12.2327594410349
-3.31581094414912,6.94740636764917,-10.4381241882911
3.85798189956882,9.57428126736496,-10.60176805253
12.5850862260526,3.80211587582719,-1.02542010785265
0.834152403185192,3.70082957825074,-11.6814308640517
4.73734494589284,6.99175423061027,-10.0910282382277
11.0372452226803,7.9307469020401,-2.54558766368639
6.67753565410485,-0.123198622155155,-10.0071038650326
11.145340220461,3.34446335043546,-2.13815331756286
-1.78206304981588,4.51832572194105,-9.24146327518062
10.0853511018994,9.16877198054308,-6.93666338095646
2.74494339543376,13.2018349756181,-9.84135652598661
4.73767797695191,2.69696625698673,-10.0152855364048
1.16979166563707,1.0899377649644,-11.2982465843091
0.368896052405139,5.40568526158522,-10.9417845491763
11.7104987893465,4.29410658890699,-4.89782339010346
11.0739679308385,4.98774354000134,-6.03209431499998
-3.11548206239856,4.19674894411057,-10.3609664180673
6.75909699040991,7.01195008904532,-8.63225381173758
13.4399081757259,1.57085178020355,0.390181365561279
12.29259524321,-0.811805887869812,-3.32749128188496
11.3766884106319,8.91691437688774,-6.37139860909113
12.4910788328141,6.99641215425371,-4.28001524069638
3.61624252864335,11.0935597682711,-9.42315607867023
10.9695636319694,9.21373276930368,-4.71299446114883
2.49081128897913,11.8032387417276,-10.6188530315832
10.2133024537145,2.5648186922574,-5.80319985349615
0.212625799685052,9.46546557589978,-11.8656633653054
11.6229054619332,-0.271834734796807,-6.00539521893299
2.40351343059329,4.3015996976041,-11.4059921957772
-0.561786690528155,7.10645516282379,-10.3248983167805
10.2036086703912,11.0529829479919,-6.73383558302586
2.0278054892534,8.94125010725991,-11.3349948570787
3.96905753566974,2.50784467229006,-10.5016344835129
-0.0190312562643078,5.94813521152565,-10.8834760435962
9.68193691813287,9.1746908331731,-8.70105827964599
11.7050739769758,1.35016627741234,-2.74582106408406
-2.5820404047841,3.78928669763826,-11.0569793441658
3.4820141806938,10.2057697713832,-11.6772822793623
11.0409114698225,4.42691782755879,-6.13719983488683
0.974346169970031,1.72103514294573,-11.5100324101716
4.41439960610151,1.87180246285255,-12.8524662022465
12.932423762636,1.70168208051009,-0.647370717470499
9.34706095440966,2.47975518578824,-4.33690373776679
12.5728901562368,10.5507278444918,-0.680567550170518
10.2116313527774,6.29698743172477,-5.9300356650475
-0.740707747715651,6.4810177459925,-11.0133342927328
1.27228840868975,8.35722271844305,-10.7538117362174
6.86709116884358,7.4484139972518,-10.2343792786753
3.45204785252327,3.70633626652261,-10.7883961325121
10.0344091578291,6.34951367980444,-7.79311790808502
-2.33862253037977,1.31460199803262,-10.5027897980048
6.21990735518112,6.50020591483535,-9.84207057598765
5.75169999430916,9.05879210479984,-10.6589371812754
11.2711267009555,5.74242608971319,-4.12169901995797
3.19475933899048,5.36031318264337,-11.277844174015
11.3303176465965,5.06112567388975,-1.05175794916507
9.60023936625009,0.460208840839626,-8.77894619520442
12.8528849108078,4.10916951245066,-0.843211966916449
4.88274030364389,2.13646756709318,-9.74045650825919
11.101418087573,5.95242041757137,-3.06762061159403
11.5742143395927,7.37430609757614,-4.34216091975293
10.20143227148,6.9639636725347,-5.62117884459429
10.408512489663,11.6565562131544,-5.18122921271137
4.95600271040746,6.82263936965425,-10.3204009194209
0.0941814822855218,11.4351993747413,-9.95454289783837
8.22307501169687,8.24952996094358,-8.42630691643024
0.775047217330076,1.2261048344791,-11.2551640060919
9.32012191304476,9.43768358003697,-7.28511614734027
11.0848955130725,2.35010301613418,-3.55113886232574
-0.85577225416508,8.74142856555738,-11.0532535612891
11.4584734840739,5.94137575864766,-0.280317056093135
-3.60370381956828,3.78881607783372,-9.84011073782545
5.41570412422935,9.02511327851497,-10.3146013414552
7.94136308177792,6.71270516786603,-6.89045554821499
9.07010568263049,10.2546559918958,-7.13191499938994
1.48267518376756,4.89578926532532,-11.449578481477
-3.35590421898358,7.87727704045403,-9.60276149275717
5.78859864239263,4.42038609651349,-9.10464742476998
2.8085036434703,7.62914759510179,-11.0719254270086
6.42952142992544,11.1497093839226,-10.401943977238
4.70979936865741,8.65032612904133,-10.4560148413348
5.9048305965222,4.05335465956745,-9.49365897664116
-3.58904178375478,6.81346686391772,-11.210588272119
-0.651435143985022,4.85780358208632,-11.0994265893755
-0.847787528910091,8.45198921212689,-11.2121192022633
3.46188599000425,3.9311890723575,-10.3358024859431
2.112029716202,4.58623324265089,-13.4238908524655
-1.08312918328639,0.207863616798641,-11.7854808715591
10.6173548309941,10.2099526242231,-7.05799474707256
0.10060646991816,9.34519905782376,-11.4493135559439
4.52142907885223,4.7413718453319,-8.54488675234494
2.07337743267287,1.98921603478417,-11.3270053783776
5.13387361875629,9.27749811867538,-10.5860247382179
4.82871946049452,13.0097182559157,-11.8399516415442
12.4926256807969,9.7583842894907,-3.17334835218433
2.42931545267134,4.01095893909843,-11.2645856320802
-2.37042990175769,-0.113786867904368,-10.1511478628597
0.726954869976168,4.2276999128522,-10.922415885091
11.5398248711442,8.55103339940193,-1.38683540000169
1.20179994437618,6.8904589402807,-10.7269236921773
7.73505806237757,12.3725862852939,-8.38846955912908
8.56372974270088,8.53093080490479,-8.58599495851395
9.67155958534621,11.2077630598425,-6.88352603359364
10.1617102190414,6.99278354856384,-5.50906429127351
7.32102672917135,5.16481302182966,-9.76790204987924
6.1774042181508,2.33255733164182,-9.63016904758571
12.3418272328864,9.44708145465994,-1.57220376812597
12.7113332014323,10.395103233169,-0.0863996040417077
2.44208366886265,6.65172782510313,-11.4316925947229
7.74065695571775,8.8034879865763,-8.40868511204553
6.81289629343098,5.41440792311463,-9.98681281563774
6.27303811122201,6.57434707922242,-8.58536832925215
-0.0723137134654195,9.97958844170122,-11.7810104461817
-1.63616731082156,-0.826352106517229,-10.992357597348
9.07694246070327,1.51400907491441,-8.80452742741849
2.40443937909654,2.44106081625272,-10.2835062600025
-1.18073168044612,0.0667392815434741,-11.7331459590664
12.5419205665155,8.65409880834167,-2.90227227574483
-2.58152054357668,5.929698334426,-10.9021024762485
11.139067026555,10.7603155871357,-6.68091901090458
11.7529531757597,-0.206149640026591,-4.82929998186481
7.92477236714595,11.3629023544156,-9.89804395479901
0.560972919966149,4.19065331404373,-11.0606046264361
4.97104108101073,8.38318345328721,-10.1799890373659
7.06383172937543,7.86932489110425,-9.08414723621184
0.741587302292137,2.4881000636372,-12.0002287164009
7.66013825464388,7.53754427791056,-7.90588961215691
9.07358036763688,-0.611608645655212,-7.0602412950677
4.50189264262286,12.5310804097518,-10.633468150105
10.8783381008766,8.66798070237191,-3.98513818612911
9.51013545106508,10.9803150058566,-8.36626485854225
3.35534538042941,12.6091713469486,-8.9862579326736
8.74109832411199,11.7839856014428,-7.35936369970878
6.73622909582917,-0.236012752174379,-9.93058108477031
11.8458838563474,4.79967928984952,-3.28524236617387
7.59531232215337,10.5292783694074,-9.32629766992418
11.0356767800708,9.78653765614032,-1.33490169135117
10.2325655405535,2.19365310677002,-5.40222884648774
6.97916097617504,8.94985840794601,-8.62643742798352
12.1850534315613,7.10861540364817,-2.67946836639136
9.30253859585109,13.1668707824584,-8.16895521523055
-1.32289212041774,0.985471001575777,-12.3961877568261
4.04856262896359,9.68391444406399,-9.99513718286252
-0.877146616445224,2.30084645856209,-10.5129465392784
-3.1719827576792,5.19170715572334,-9.66942210801595
11.4962252939784,-0.515181805181693,-4.03498300262739
0.250891017609451,-0.170539116305408,-11.4981479711708
0.36278618762328,3.91312512177628,-9.80209449627892
2.54643380245085,0.5810152550615,-11.4061559686797
12.2255711917038,6.03565627510386,0.179504588531769
10.5743221813829,8.42417141001304,-7.47013352465835
2.57683986309917,5.71804742983783,-12.0250075314629
2.14857160203773,8.29696667702708,-10.1298980323631
4.13073486988413,11.4244405480775,-10.9295849918171
-1.74518648381767,4.64970488217744,-10.2623542519412
9.28364215681123,13.0395181422279,-5.93639766664316
-3.64292436275094,2.02377546631145,-10.5206801123183
2.69316042961769,6.5867385666,-11.2648999570887
3.87010645286199,8.36511209398553,-10.6790180205392
3.1213272921892,4.83572871836045,-10.1158101400666
11.8068096261109,8.16020259787057,-2.03184424392855
10.7278167186084,10.6987414982164,-4.82322946625384
-2.13156830225145,6.99433168658423,-10.4280373265553
6.23896367466025,0.0193533276914286,-9.22672630271633
10.2773828854934,9.05090111328636,-7.06219735801691
3.72502958331527,1.7591334565552,-9.83958966401785
8.73321300132034,5.21263430796388,-7.33024317846382
10.1046368910493,10.3090448295431,-5.09092907826131
11.8336993673001,10.388853939091,-1.88330116699948
10.3793504683603,-0.280450414096269,-7.27879872616458
-0.155592767430741,0.803989214584271,-10.5494163980412
11.3720754405498,1.53365157735853,-7.6235023486389
-4.92813404126858,6.88909335494827,-9.7934997891027
8.13860483805981,6.55006751173623,-8.63634198799084
11.1368705226932,3.85365553178226,-5.07255556808678
6.32315666553652,5.25492044133499,-9.02699242279254
9.19810583166263,1.625764127537,-9.16321777305364
11.6915829487911,2.87166249150561,-1.44475133355532
5.44376839136465,1.32831290785604,-10.1965034332621
5.03729768226247,10.1251726195684,-10.1846739382334
0.277453868609579,9.06925758482756,-9.89494238079774
0.694268192256648,12.1595658168926,-11.5406720005043
5.50239005399466,2.72957862431355,-10.1632103552995
4.82896251347644,7.87572916069092,-9.6595704847627
-0.784608474439506,-0.220058604632473,-11.261530210775
9.43255136646821,1.81920950756026,-6.23587831086061
8.12116017593061,9.91454479642142,-7.03809269288551
-3.44235920644686,2.84023712796968,-10.8259115329165
11.41073959854,3.61556170410971,-4.89075745709418
11.7564136807242,9.36834220372785,-6.20967570047943
6.2112130387048,4.09103854491654,-9.76678933413674
-3.17563661432691,1.5815302696638,-10.3676432019548
13.4451634438412,12.6261979698607,-0.386554225580788
-0.142102639779921,12.0699915777866,-11.8333464654061
8.34236633084126,12.6739631686716,-9.11701916897624
2.70697115754162,0.992490799696668,-10.8134710641879
-4.57598588562524,1.93467289873434,-10.8603729056788
9.00812891355023,11.30195186554,-7.31477674657082
6.05218884916684,12.9389414209639,-9.13388219905665
12.2571817986944,10.3186916462256,-3.38227538231487
-0.0971038305331233,10.6229207315055,-10.4649710178177
4.17893451273046,1.88112412232412,-9.60756841838052
0.331839628275854,5.06681479322592,-11.5448075575093
10.0015611117615,1.65529929785768,-5.83576752741887
11.7937177170293,6.10561398091366,-2.44977279165586
6.12128824993872,12.4604324548712,-8.65552857145084
8.28421087658258,4.09599737904341,-8.71450455665014
6.50759175231767,5.97869858042811,-10.9257015891858
12.8036262658639,6.4182129099956,-1.18701761976423
4.37966051645219,11.1187235118009,-11.2394822950139
3.37191629378533,10.7889210117752,-10.8414426703201
3.32474928292592,7.30358569117161,-10.6562980644106
-2.6166974943912,6.83126944781616,-9.70583221191464
0.81620379508996,6.48470797072527,-10.5300936209215
-0.955289727057671,1.09712848558847,-10.9102543139238
9.08902667412818,11.6327309048936,-6.93774977815989
10.9130491200156,8.2683283540407,-4.27633121956055
11.8637248752741,6.89647536610052,-1.03384885626425
6.87644500853602,8.58927770998103,-9.28966716464394
2.51348066004154,1.04825598074324,-10.849889114476
11.6030937899824,1.21556907696977,-0.643046830261318
12.1805910537438,0.0703473353120688,-0.631580929708621
2.05296280144203,4.36163339543639,-12.1135627536976
1.20895231683471,2.55489587437577,-11.6869530678285
11.5080203065066,3.38944576246415,-2.58203355538493
11.5430078836787,11.0962403770744,-3.98376360733664
7.43286718988116,8.16426982976137,-10.7753885790271
5.65133566610014,7.09175441850803,-9.85295752421667
9.01659234798555,10.9379468762143,-7.79368225108011
-0.636796484209623,9.02200921848935,-9.45458649752118
-3.33303322978141,12.267744360763,-11.088693657457
7.08667065897313,1.07852704190276,-11.0029472853362
11.4661935776485,9.71571420089286,-0.620126423208164
3.1092600165867,1.34054110163293,-11.4178917037776
2.92848185510827,13.0306792846017,-10.2734080195224
3.03854319088385,0.634424086604701,-10.9351114661543
7.60593469353043,1.88301257196093,-7.16189913948929
-2.45197453941255,0.916563445937651,-11.3879687954376
12.040124298294,4.8367255910477,-0.667527477518727
9.38242079621288,3.02629450111236,-9.26349721509751
10.8851939003197,8.45750195019859,-4.20144520547128
11.7806775757642,10.1110326562282,-0.823983560567245
4.66641718807073,11.2249462535558,-9.75743219997925
13.2865820918622,10.0409867998153,-5.22617458934867
10.7774022292162,11.0840726353957,-3.90301491784391
8.56539025991161,3.57616260472379,-9.13447716680883
11.552560315934,9.20567183192642,-3.70101593234485
7.98530864427921,7.08387038085249,-9.49656913376658
9.04838185327248,8.48604174413015,-7.9920036997656
0.95735847020878,5.16172561503702,-10.9873941291742
12.8961898668856,6.20454901004367,-0.501688090175999
-2.68514472066865,-0.385357588235435,-9.35528517925896
6.36947407326812,7.36947136037059,-10.4734444031791
11.9403719153599,2.11965497567651,-1.79750825676665
-3.73245985396119,6.69293415976018,-10.8785690649643
7.68760391502173,4.24184109707186,-9.37838874661317
1.6744535062395,3.07542532103858,-11.8472972694243
-1.92327782238186,8.2383547146877,-11.0149622016306
-3.58600623624697,10.7462922114965,-10.0956418897215
-1.94350322205741,2.27190992151806,-9.56317402967317
-0.269738860944741,10.1550182983504,-11.6355159689094
-0.507150953649179,4.46973703046826,-11.3211947597132
1.40006794557454,5.92329005997069,-10.4560938171408
12.4902286888805,5.21788004576539,-1.68312002511644
-4.11505969768895,2.49811902707706,-11.7765061489796
0.255884496709309,4.96885650976921,-10.4278224264604
-0.281983794250013,9.73320285929656,-10.9085066707624
-0.17444242821064,6.95339122477658,-9.96659075416002
12.3433226002581,6.19431285051229,-3.26693607482429
1.41480936790074,0.383016830685116,-11.9795552358559
8.61778498235095,9.28878724536535,-8.34416166205357
6.03819407782785,6.03236256112834,-11.1515889453337
10.758191003274,5.25703158049704,-4.79296040554277
-2.61373527692006,12.5649354482373,-9.7160259414463
-0.367442795238578,2.07923909625339,-10.8775280479607
9.67061781980108,8.658904912286,-7.29332706596867
8.88723640310041,7.30742707622232,-7.96456083117018
0.767971335633684,6.00586002224436,-9.80037611007531
-3.07203146543695,0.803141497805365,-10.0667145808491
-2.31594462110868,9.33999776457604,-10.593157361364
4.84558787193093,5.90190958130086,-8.92771337230305
10.6254913939247,2.72518028289582,-7.58614303305146
13.0104550557343,11.2095490547161,-2.46751889142388
-1.95163978161584,10.8876561395596,-11.2691051533019
-3.38197811051918,12.4353402493808,-9.88486449499054
4.99292666661164,10.629236477207,-10.1531589583756
-2.42128546168992,1.93706972659729,-11.1723799740856
4.99714230442297,7.70560187664571,-11.2350631595194
